-- MySQL dump 10.13  Distrib 8.0.36, for Linux (x86_64)
--
-- Host: database-1.cdv9nppqt3kw.ap-northeast-2.rds.amazonaws.com    Database: AutoFarming
-- ------------------------------------------------------
-- Server version	8.0.35

/*!40101 SET @OLD_CHARACTER_SET_CLIENT=@@CHARACTER_SET_CLIENT */;
/*!40101 SET @OLD_CHARACTER_SET_RESULTS=@@CHARACTER_SET_RESULTS */;
/*!40101 SET @OLD_COLLATION_CONNECTION=@@COLLATION_CONNECTION */;
/*!50503 SET NAMES utf8mb4 */;
/*!40103 SET @OLD_TIME_ZONE=@@TIME_ZONE */;
/*!40103 SET TIME_ZONE='+00:00' */;
/*!40014 SET @OLD_UNIQUE_CHECKS=@@UNIQUE_CHECKS, UNIQUE_CHECKS=0 */;
/*!40014 SET @OLD_FOREIGN_KEY_CHECKS=@@FOREIGN_KEY_CHECKS, FOREIGN_KEY_CHECKS=0 */;
/*!40101 SET @OLD_SQL_MODE=@@SQL_MODE, SQL_MODE='NO_AUTO_VALUE_ON_ZERO' */;
/*!40111 SET @OLD_SQL_NOTES=@@SQL_NOTES, SQL_NOTES=0 */;

--
-- Table structure for table `All_Fruit_CPI`
--

DROP TABLE IF EXISTS `All_Fruit_CPI`;
/*!40101 SET @saved_cs_client     = @@character_set_client */;
/*!50503 SET character_set_client = utf8mb4 */;
CREATE TABLE `All_Fruit_CPI` (
  `Year` varchar(10) DEFAULT NULL,
  `Nationwide` float DEFAULT NULL,
  `Seoul` float DEFAULT NULL,
  `Busan` float DEFAULT NULL,
  `Daegu` float DEFAULT NULL,
  `Incheon` float DEFAULT NULL,
  `Gwangju` float DEFAULT NULL,
  `Daejeon` float DEFAULT NULL,
  `Ulsan` float DEFAULT NULL,
  `Sejong` float DEFAULT NULL,
  `Gyeonggi` float DEFAULT NULL,
  `Gangwon` float DEFAULT NULL,
  `Chungbuk` float DEFAULT NULL,
  `Chungnam` float DEFAULT NULL,
  `Jeonbuk` float DEFAULT NULL,
  `Jeonnam` float DEFAULT NULL,
  `Gyeongbuk` float DEFAULT NULL,
  `Gyeongnam` float DEFAULT NULL,
  `Jeju` float DEFAULT NULL
) ENGINE=InnoDB DEFAULT CHARSET=utf8mb4 COLLATE=utf8mb4_0900_ai_ci;
/*!40101 SET character_set_client = @saved_cs_client */;

--
-- Dumping data for table `All_Fruit_CPI`
--

LOCK TABLES `All_Fruit_CPI` WRITE;
/*!40000 ALTER TABLE `All_Fruit_CPI` DISABLE KEYS */;
INSERT INTO `All_Fruit_CPI` VALUES ('2014',91.509,93.993,95.458,90.404,97.376,88.745,87.507,91.008,85.945,91.611,91.446,94.012,85.945,88.011,89.123,92.207,91.015,82.616),('2015',87.045,91.24,90.691,83.499,93.127,86.583,80.107,89.348,85.506,86.662,82.522,85.989,85.506,82.147,84.002,88.357,84.793,80.582),('2016',85.621,88.309,87.896,85.299,89.102,87.272,80.275,87.388,85.163,83.956,83.215,86.065,85.163,81.938,86.6,86.792,85.366,83.204),('2017',98.134,104.923,97.115,96.944,97.689,99.524,91.554,100.601,96.306,97.17,93.871,96.48,96.306,91.353,97.32,98.588,95.125,92.182),('2018',100.758,106.342,101.614,105.628,101.889,94.379,93.111,101.341,95.161,98.947,95.261,100.094,95.161,94.647,95.643,107.041,99.696,94.577),('2019',96.384,95.339,101.437,105.81,97.005,92.031,92.493,92.705,96.364,96.196,94.343,98.174,96.364,94.029,92.795,97.285,95.839,92.064),('2020',100,100,100,100,100,100,100,100,100,100,100,100,100,100,100,100,100,100),('2021',111.25,108.73,115.02,112.29,107.31,111.12,111.45,114.71,106.55,111.47,112.12,112.2,113.82,112.41,110.4,111.71,113.6,110.13),('2022',118.17,115.79,122.64,121.15,112.91,121.16,112.05,122.15,112.05,118.33,119.06,125.17,123.4,117.36,114.28,119.35,118.52,114.84),('2023',129.54,129.85,130.59,132.54,125.95,132.77,127.08,129.89,124.18,127.76,133.46,135.93,133.56,130.63,126.28,130.09,130.76,129.58);
/*!40000 ALTER TABLE `All_Fruit_CPI` ENABLE KEYS */;
UNLOCK TABLES;

--
-- Table structure for table `AnualSmartFarmData`
--

DROP TABLE IF EXISTS `AnualSmartFarmData`;
/*!40101 SET @saved_cs_client     = @@character_set_client */;
/*!50503 SET character_set_client = utf8mb4 */;
CREATE TABLE `AnualSmartFarmData` (
  `Year` int DEFAULT NULL,
  `CompanyNumber` int DEFAULT NULL,
  `Hectare` int DEFAULT NULL
) ENGINE=InnoDB DEFAULT CHARSET=utf8mb4 COLLATE=utf8mb4_0900_ai_ci;
/*!40101 SET character_set_client = @saved_cs_client */;

--
-- Dumping data for table `AnualSmartFarmData`
--

LOCK TABLES `AnualSmartFarmData` WRITE;
/*!40000 ALTER TABLE `AnualSmartFarmData` DISABLE KEYS */;
INSERT INTO `AnualSmartFarmData` VALUES (2015,3,21),(2016,17,7),(2017,20,0),(2018,34,2),(2019,62,308),(2020,152,683),(2021,190,952),(2022,92,452);
/*!40000 ALTER TABLE `AnualSmartFarmData` ENABLE KEYS */;
UNLOCK TABLES;

--
-- Table structure for table `Apple_vs_CPI_search_num`
--

DROP TABLE IF EXISTS `Apple_vs_CPI_search_num`;
/*!40101 SET @saved_cs_client     = @@character_set_client */;
/*!50503 SET character_set_client = utf8mb4 */;
CREATE TABLE `Apple_vs_CPI_search_num` (
  `date` varchar(16) DEFAULT NULL,
  `apple` float DEFAULT NULL,
  `cpi` float DEFAULT NULL
) ENGINE=InnoDB DEFAULT CHARSET=utf8mb4 COLLATE=utf8mb4_0900_ai_ci;
/*!40101 SET character_set_client = @saved_cs_client */;

--
-- Dumping data for table `Apple_vs_CPI_search_num`
--

LOCK TABLES `Apple_vs_CPI_search_num` WRITE;
/*!40000 ALTER TABLE `Apple_vs_CPI_search_num` DISABLE KEYS */;
INSERT INTO `Apple_vs_CPI_search_num` VALUES ('2023-03',151,58),('2023-04',421,143),('2023-05',308,112),('2023-06',226,99),('2023-07',264,111),('2023-08',229,89),('2023-09',275,93),('2023-10',365,117),('2023-11',258,108),('2023-12',303,119),('2024-01',243,94),('2024-02',225,86),('2024-03',292,111);
/*!40000 ALTER TABLE `Apple_vs_CPI_search_num` ENABLE KEYS */;
UNLOCK TABLES;

--
-- Table structure for table `Area_by_region`
--

DROP TABLE IF EXISTS `Area_by_region`;
/*!40101 SET @saved_cs_client     = @@character_set_client */;
/*!50503 SET character_set_client = utf8mb4 */;
CREATE TABLE `Area_by_region` (
  `시도별(1)` text,
  `전답별(1)` text,
  `2014` bigint DEFAULT NULL,
  `2015` bigint DEFAULT NULL,
  `2016` bigint DEFAULT NULL,
  `2017` bigint DEFAULT NULL,
  `2018` bigint DEFAULT NULL,
  `2019` bigint DEFAULT NULL,
  `2020` bigint DEFAULT NULL,
  `2021` bigint DEFAULT NULL,
  `2022` bigint DEFAULT NULL,
  `2023` bigint DEFAULT NULL
) ENGINE=InnoDB DEFAULT CHARSET=utf8mb4 COLLATE=utf8mb4_0900_ai_ci;
/*!40101 SET character_set_client = @saved_cs_client */;

--
-- Dumping data for table `Area_by_region`
--

LOCK TABLES `Area_by_region` WRITE;
/*!40000 ALTER TABLE `Area_by_region` DISABLE KEYS */;
INSERT INTO `Area_by_region` VALUES ('전국','계',1691113,1679023,1643599,1620796,1595614,1580957,1564797,1546717,1528237,1512145),('전국','논',933615,908194,895739,864865,844265,829778,823895,780440,775640,763989),('전국','밭',757498,770829,747860,755931,751349,751179,740902,766277,752597,748156),('서울특별시','계',480,476,422,402,353,347,343,619,613,607),('서울특별시','논',179,176,176,167,159,150,145,196,190,200),('서울특별시','밭',302,300,246,235,193,197,199,423,423,407),('부산광역시','계',6351,6008,5934,5742,5578,5408,5306,5042,4832,4797),('부산광역시','논',3778,3490,3348,3243,3091,2951,2812,2278,2268,2278),('부산광역시','밭',2574,2518,2586,2500,2487,2457,2493,2764,2564,2519),('대구광역시','계',8660,8291,8102,8062,7661,7472,7458,7038,6917,6821),('대구광역시','논',4455,3865,4025,3994,3535,3513,3512,2660,2953,2949),('대구광역시','밭',4206,4426,4077,4068,4126,3958,3947,4378,3964,3873),('인천광역시','계',20098,20114,19511,19004,18377,18244,18083,17620,17499,17343),('인천광역시','논',13589,13445,12720,12223,11547,11327,11226,12413,12288,12189),('인천광역시','밭',6509,6669,6791,6781,6829,6918,6857,5207,5211,5154),('광주광역시','계',10370,10261,9878,9446,9328,9252,9083,9368,9240,9145),('광주광역시','논',6764,6615,6167,5931,5792,5758,5724,4580,4600,4980),('광주광역시','밭',3606,3646,3711,3515,3535,3494,3359,4789,4641,4165),('대전광역시','계',4385,4305,4072,3888,3794,3742,3577,3961,3858,3731),('대전광역시','논',1629,1606,1544,1458,1400,1358,1286,1137,1104,1075),('대전광역시','밭',2755,2699,2528,2430,2394,2384,2292,2824,2754,2656),('울산광역시','계',11369,11003,10889,10540,10064,9977,9870,9274,8984,8798),('울산광역시','논',6508,6125,5926,5636,5485,5281,5238,4424,4268,4076),('울산광역시','밭',4860,4878,4963,4904,4578,4696,4632,4850,4716,4722),('세종특별자치시','계',8444,8260,8102,7958,7704,7588,7555,7358,7021,6814),('세종특별자치시','논',4968,4785,4616,4513,4387,4250,4241,3704,3526,3412),('세종특별자치시','밭',3476,3475,3486,3445,3317,3338,3314,3654,3494,3401),('경기도','계',176028,175417,169435,165707,162587,160181,156699,152353,150188,147503),('경기도','논',96696,95680,93216,88733,86243,84125,82790,80950,79996,77214),('경기도','밭',79332,79737,76219,76975,76345,76056,73909,71403,70192,70288),('강원도','계',108727,107277,104330,103133,101564,100756,99258,102128,101104,100226),('강원도','논',39972,38979,37763,35682,34170,33685,32917,31718,31092,30189),('강원도','밭',68755,68297,66567,67452,67394,67071,66341,70410,70012,70037),('충청북도','계',112097,111568,109161,107097,102870,101900,100880,98041,96102,94783),('충청북도','논',45164,44541,43807,40506,38613,38290,37970,35349,35134,34655),('충청북도','밭',66933,67027,65354,66591,64257,63610,62910,62692,60968,60128),('충청남도','계',219215,218787,215100,213238,211577,210428,208632,217425,215693,213715),('충청남도','논',154535,152677,151431,148558,146703,145785,145103,141925,141674,140058),('충청남도','밭',64680,66110,63669,64680,64874,64644,63528,75501,74018,73657),('전라북도','계',204612,203559,200720,199196,197541,195191,193791,191601,190410,189148),('전라북도','논',137883,134380,132854,130322,128333,124408,123638,123904,123821,121553),('전라북도','밭',66729,69179,67866,68874,69208,70784,70153,67697,66590,67595),('전라남도','계',305889,304799,298095,293863,290827,288249,286396,281077,277095,274435),('전라남도','논',187910,185190,183530,177753,173986,169090,168387,167299,165770,163688),('전라남도','밭',117980,119609,114565,116110,116841,119159,118009,113778,111325,110747),('경상북도','계',277650,274487,268461,265665,262049,260237,257323,249273,246429,243936),('경상북도','논',135796,126818,125846,121350,118813,118503,117936,102399,102303,100587),('경상북도','밭',141854,147669,142615,144315,143236,141734,139387,146873,144126,143350),('경상남도','계',154050,151769,149247,146766,144404,142946,141889,138185,136294,134738),('경상남도','논',93770,89803,88753,84780,81991,81288,80952,65491,64641,64874),('경상남도','밭',60280,61966,60494,61986,62413,61658,60937,72694,71653,69864),('제주도','계',62686,62642,62140,61088,59338,59039,58654,56355,55957,55605),('제주도','논',19,18,17,17,17,17,17,14,12,12),('제주도','밭',62667,62624,62123,61071,59321,59022,58637,56341,55945,55593);
/*!40000 ALTER TABLE `Area_by_region` ENABLE KEYS */;
UNLOCK TABLES;

--
-- Table structure for table `Fruit`
--

DROP TABLE IF EXISTS `Fruit`;
/*!40101 SET @saved_cs_client     = @@character_set_client */;
/*!50503 SET character_set_client = utf8mb4 */;
CREATE TABLE `Fruit` (
  `Region` varchar(16) DEFAULT NULL,
  `Name` varchar(16) DEFAULT NULL,
  `Year2014` float DEFAULT NULL,
  `Year2015` float DEFAULT NULL,
  `Year2016` float DEFAULT NULL,
  `Year2017` float DEFAULT NULL,
  `Year2018` float DEFAULT NULL,
  `Year2019` float DEFAULT NULL,
  `Year2020` float DEFAULT NULL,
  `Year2021` float DEFAULT NULL,
  `Year2022` float DEFAULT NULL,
  `Year2023` float DEFAULT NULL,
  `GR_from_2014` float DEFAULT NULL,
  `GR_from_2015` float DEFAULT NULL,
  `GR_from_2016` float DEFAULT NULL,
  `GR_from_2017` float DEFAULT NULL,
  `GR_from_2018` float DEFAULT NULL,
  `GR_from_2019` float DEFAULT NULL,
  `GR_from_2020` float DEFAULT NULL,
  `GR_from_2021` float DEFAULT NULL,
  `GR_from_2022` float DEFAULT NULL
) ENGINE=InnoDB DEFAULT CHARSET=utf8mb4 COLLATE=utf8mb4_0900_ai_ci;
/*!40101 SET character_set_client = @saved_cs_client */;

--
-- Dumping data for table `Fruit`
--

LOCK TABLES `Fruit` WRITE;
/*!40000 ALTER TABLE `Fruit` DISABLE KEYS */;
INSERT INTO `Fruit` VALUES ('전국','사과',96.971,96.563,83.596,89.034,94.143,92.835,100,118.45,102.36,127.11,-0.420744,-13.4285,6.5051,5.73826,-1.38938,7.71799,18.45,-13.5838,24.1794),('전국','배',87.401,81.382,87.084,80.921,79.64,101.995,100,134.34,115.43,105.99,-6.88665,7.00646,-7.07708,-1.58303,28.0701,-1.95598,34.34,-14.0762,-8.17812),('전국','복숭아',116.626,98.89,99.801,101.136,100.395,99.781,100,123.45,132.64,148.22,-15.2076,0.921226,1.33766,-0.732677,-0.611584,0.219481,23.45,7.44431,11.7461),('전국','포도',91.085,79.165,78.584,90.048,95.093,92.485,100,112.69,132.07,132.28,-13.0867,-0.73391,14.5882,5.60257,-2.74258,8.12564,12.69,17.1976,0.159007),('전국','밤',79.336,80.374,95.06,97.254,87.167,84.822,100,108.76,99.24,108.35,1.30836,18.2721,2.30802,-10.3718,-2.69024,17.8939,8.76,-8.75322,9.17977),('전국','감',85.905,73.434,71.879,84.497,96.648,95.649,100,119.44,123.53,112.39,-14.5172,-2.11755,17.5545,14.3804,-1.03365,4.54892,19.44,3.42431,-9.01805),('전국','귤',81.597,72.294,77.997,138.988,116.258,106.146,100,104.02,121.53,144.75,-11.4012,7.88862,78.1966,-16.3539,-8.6979,-5.79014,4.02,16.8333,19.1064),('전국','오렌지',106.562,105.858,98.154,108.372,103.655,87.377,100,100.08,123.32,127.5,-0.660648,-7.27767,10.4102,-4.3526,-15.704,14.4466,0.08,23.2214,3.38956),('전국','참외',95.96,99.82,92.33,93.335,104.852,95.711,100,112.19,118.18,130.53,4.02251,-7.50351,1.08849,12.3394,-8.718,4.4812,12.19,5.33916,10.4502),('전국','수박',98.673,87.358,92.302,105.449,118.786,108.397,100,121.29,133.64,145.52,-11.4672,5.65947,14.2435,12.6478,-8.74598,-7.74652,21.29,10.1822,8.88955),('전국','딸기',99.106,108.354,99.232,98.311,109.79,88.521,100,100.21,114.57,127.32,9.33142,-8.4187,-0.928128,11.6762,-19.3724,12.9675,0.21,14.3299,11.1286),('전국','바나나',86.443,89.1,100.259,96.931,94.971,96.253,100,101.41,113.59,121.33,3.0737,12.5241,-3.3194,-2.02206,1.34989,3.89287,1.41,12.0106,6.81398),('전국','키위',108.007,102.59,92.625,95.31,94.576,96.464,100,106.64,118.33,125.31,-5.01542,-9.71342,2.89879,-0.770119,1.99628,3.66562,6.64,10.9621,5.89876),('전국','블루베리',102.686,102.686,99.158,99.513,99.162,93.44,100,108.09,128.42,137.93,0,-3.43572,0.358014,-0.352718,-5.77036,7.02055,8.09,18.8084,7.40539),('전국','망고',0,0,0,0,0,0,0,108.99,119.63,119.85,0,0,0,0,0,0,0,9.76236,0.1839),('전국','체리',0,0,0,0,0,0,0,95.39,113.07,100.88,0,0,0,0,0,0,0,18.5344,-10.7809),('전국','아보카도',0,0,0,0,0,0,0,87.6,101.57,96.01,0,0,0,0,0,0,0,15.9475,-5.47406),('전국','파인애플',0,0,0,0,0,0,0,109.25,121.97,136,0,0,0,0,0,0,0,11.643,11.5028),('전국','아몬드',114.258,114.258,111.911,105.959,105.137,102.256,100,98.39,99.05,99.67,0,-2.05412,-5.31851,-0.775772,-2.74023,-2.20623,-1.61,0.6708,0.625946);
/*!40000 ALTER TABLE `Fruit` ENABLE KEYS */;
UNLOCK TABLES;

--
-- Table structure for table `Raw_vs_Dried_Apple`
--

DROP TABLE IF EXISTS `Raw_vs_Dried_Apple`;
/*!40101 SET @saved_cs_client     = @@character_set_client */;
/*!50503 SET character_set_client = utf8mb4 */;
CREATE TABLE `Raw_vs_Dried_Apple` (
  `date` varchar(16) DEFAULT NULL,
  `raw_kg` float DEFAULT NULL,
  `dried_kg` float DEFAULT NULL
) ENGINE=InnoDB DEFAULT CHARSET=utf8mb4 COLLATE=utf8mb4_0900_ai_ci;
/*!40101 SET character_set_client = @saved_cs_client */;

--
-- Dumping data for table `Raw_vs_Dried_Apple`
--

LOCK TABLES `Raw_vs_Dried_Apple` WRITE;
/*!40000 ALTER TABLE `Raw_vs_Dried_Apple` DISABLE KEYS */;
INSERT INTO `Raw_vs_Dried_Apple` VALUES ('2023.0',0,8803.28),('2022.0',0,2935.34),('2021.0',12.9,6229.53),('2020.0',13230.1,2422.92),('2019.0',13230,2397.04),('2018.0',0,2973.25),('2017.0',0,97.61),('2016.0',30873.2,371.74),('2015.0',80594,146),('2014.0',1,5593),('2013.0',0,1308),('2012.0',25000,1195),('2011.0',108335,8743),('2010.0',24400,17288),('2009.0',20,3655),('2008.0',0,11029),('2007.0',0,9187),('2006.0',0,17880),('2005.0',0,9214),('2004.0',0,1525),('2003.0',0,18611),('2002.0',17988,5180),('2001.0',197018,6711),('2000.0',6750,3187),('2023.0',25.22,12771300),('2022.0',0,12216800),('2021.0',0,9015860),('2020.0',0,7887150),('2019.0',0,8478940),('2018.0',1.5,8726410),('2017.0',0,8848790),('2016.0',2.85,8792260),('2015.0',0,7658780),('2014.0',0,7650890),('2013.0',0,8689710),('2012.0',27,9827290),('2011.0',0,8705520),('2010.0',0,6045460),('2009.0',24,3313230),('2008.0',19,6116470),('2007.0',0,6460280),('2006.0',0,4808950),('2005.0',0,3952760),('2004.0',0,3851530),('2003.0',0,2042130),('2002.0',0,1908730),('2001.0',842,1403380),('2000.0',233,1797040);
/*!40000 ALTER TABLE `Raw_vs_Dried_Apple` ENABLE KEYS */;
UNLOCK TABLES;

--
-- Table structure for table `Raw_vs_Frozen_Berry`
--

DROP TABLE IF EXISTS `Raw_vs_Frozen_Berry`;
/*!40101 SET @saved_cs_client     = @@character_set_client */;
/*!50503 SET character_set_client = utf8mb4 */;
CREATE TABLE `Raw_vs_Frozen_Berry` (
  `date` varchar(16) DEFAULT NULL,
  `raw_kg` float DEFAULT NULL,
  `frozen_kg` float DEFAULT NULL
) ENGINE=InnoDB DEFAULT CHARSET=utf8mb4 COLLATE=utf8mb4_0900_ai_ci;
/*!40101 SET character_set_client = @saved_cs_client */;

--
-- Dumping data for table `Raw_vs_Frozen_Berry`
--

LOCK TABLES `Raw_vs_Frozen_Berry` WRITE;
/*!40000 ALTER TABLE `Raw_vs_Frozen_Berry` DISABLE KEYS */;
INSERT INTO `Raw_vs_Frozen_Berry` VALUES ('2023.0',25.22,12771300),('2022.0',0,12216800),('2021.0',0,9015860),('2020.0',0,7887150),('2019.0',0,8478940),('2018.0',1.5,8726410),('2017.0',0,8848790),('2016.0',2.85,8792260),('2015.0',0,7658780),('2014.0',0,7650890),('2013.0',0,8689710),('2012.0',27,9827290),('2011.0',0,8705520),('2010.0',0,6045460),('2009.0',24,3313230),('2008.0',19,6116470),('2007.0',0,6460280),('2006.0',0,4808950),('2005.0',0,3952760),('2004.0',0,3851530),('2003.0',0,2042130),('2002.0',0,1908730),('2001.0',842,1403380),('2000.0',233,1797040);
/*!40000 ALTER TABLE `Raw_vs_Frozen_Berry` ENABLE KEYS */;
UNLOCK TABLES;

--
-- Table structure for table `Raw_vs_Frozen_Trend`
--

DROP TABLE IF EXISTS `Raw_vs_Frozen_Trend`;
/*!40101 SET @saved_cs_client     = @@character_set_client */;
/*!50503 SET character_set_client = utf8mb4 */;
CREATE TABLE `Raw_vs_Frozen_Trend` (
  `date` varchar(16) DEFAULT NULL,
  `raw` float DEFAULT NULL,
  `frozen` float DEFAULT NULL
) ENGINE=InnoDB DEFAULT CHARSET=utf8mb4 COLLATE=utf8mb4_0900_ai_ci;
/*!40101 SET character_set_client = @saved_cs_client */;

--
-- Dumping data for table `Raw_vs_Frozen_Trend`
--

LOCK TABLES `Raw_vs_Frozen_Trend` WRITE;
/*!40000 ALTER TABLE `Raw_vs_Frozen_Trend` DISABLE KEYS */;
INSERT INTO `Raw_vs_Frozen_Trend` VALUES ('2019-03',57,0),('2019-04',64,0),('2019-05',0,0),('2019-06',0,0),('2019-07',85,0),('2019-08',68,0),('2019-09',0,0),('2019-10',0,0),('2019-11',0,0),('2019-12',0,0),('2020-01',0,50),('2020-02',0,0),('2020-03',52,46),('2020-04',109,0),('2020-05',135,0),('2020-06',48,0),('2020-07',64,0),('2020-08',0,0),('2020-09',0,0),('2020-10',0,0),('2020-11',0,0),('2020-12',51,59),('2021-01',0,0),('2021-02',0,0),('2021-03',0,0),('2021-04',100,0),('2021-05',0,0),('2021-06',56,0),('2021-07',0,0),('2021-08',0,42),('2021-09',51,0),('2021-10',0,0),('2021-11',0,0),('2021-12',47,0),('2022-01',56,0),('2022-02',0,0),('2022-03',34,0),('2022-04',40,0),('2022-05',131,41),('2022-06',0,0),('2022-07',48,69),('2022-08',0,0),('2022-09',0,0),('2022-10',0,0),('2022-11',0,0),('2022-12',0,0),('2023-01',39,0),('2023-02',39,0),('2023-03',40,0),('2023-04',0,0),('2023-05',32,0),('2023-06',31,29),('2023-07',109,0),('2023-08',59,0),('2023-09',0,0),('2023-10',0,0),('2023-11',33,33),('2023-12',39,0),('2024-01',0,0),('2024-02',0,0),('2024-03',37,27);
/*!40000 ALTER TABLE `Raw_vs_Frozen_Trend` ENABLE KEYS */;
UNLOCK TABLES;

--
-- Table structure for table `SmartFarmCompanyList`
--

DROP TABLE IF EXISTS `SmartFarmCompanyList`;
/*!40101 SET @saved_cs_client     = @@character_set_client */;
/*!50503 SET character_set_client = utf8mb4 */;
CREATE TABLE `SmartFarmCompanyList` (
  `Field` varchar(16) DEFAULT NULL,
  `Type` varchar(16) DEFAULT NULL,
  `Distribution` varchar(32) DEFAULT NULL,
  `Name` varchar(32) DEFAULT NULL,
  `Address` varchar(64) DEFAULT NULL,
  `Item` varchar(64) DEFAULT NULL,
  `Phone` varchar(16) DEFAULT NULL
) ENGINE=InnoDB DEFAULT CHARSET=utf8mb4 COLLATE=utf8mb4_0900_ai_ci;
/*!40101 SET character_set_client = @saved_cs_client */;

--
-- Dumping data for table `SmartFarmCompanyList`
--

LOCK TABLES `SmartFarmCompanyList` WRITE;
/*!40000 ALTER TABLE `SmartFarmCompanyList` DISABLE KEYS */;
INSERT INTO `SmartFarmCompanyList` VALUES ('시설원예','일반기업','수입(제조·도매),수입(소매),국내(도매),국내(소매)','화신농건(주)','경기도 남양주시 경춘로 368','스마트팜, 환경제어기, 양액기 등','315690330.0'),('시설원예','일반기업','국내(도매),국내(소매)','한울테크','경상북도 경주시 강동면 오금큰길 141-42','스마트팜온실 컨설팅및설계시공 보일러양액 무인방제 시스템제작시공 농기구농자재정수기 스마트기기','547622017.0'),('시설원예','일반기업','국내(도매),국내(소매)','한울에스씨','경상북도 안동시 풍산읍 신양로 421','스마트팜온실시공 난방설비제작시공 양액설비,무인방제시스템제작시공 농기구농자재 스마트팜기기 농업용정수기  금속창호유리인','548422023.0'),('시설원예','일반기업','국내(도매),국내(소매)','한라자동화','제주특별자치도 서귀포시 대정읍 추사로 11-6','썬넷스마트팜,제이왓스마트팜','647920433.0'),('시설원예','일반기업','국내(도매),국내(소매)','한국농부들','충청북도 청주시 흥덕구 옥산면 덕촌미평길 6-11','스마트팜, 스마트 양액기, 관비기','432721217.0'),('시설원예','일반기업','수입(소매),국내(도매),국내(소매)','팜스코건설(주)','충청남도 아산시 배방읍 고불로 574-2','외부온습도센서,풍향센서,풍속센서.일사센서.감우센서,내부온습도센서.CO2센서.지온지습센서,토양EC센서.KT스마트팜소프','448635701.0'),('시설원예','일반기업','제조(도매)','코리아팜','충청남도 보령시 여상길 43-33','스마트팜기기','419309803.0'),('시설원예','면허기업','제조(도매),제조(소매),정보통신공사 전문','주식회사산들정보통신','경상북도 경산시 경안로39길 31','스마트팜','533261640.0'),('시설원예','일반기업','국내(도매),국내(소매)','주식회사 한라자동화','제주특별자치도 서귀포시 대정읍 추사로 11-6','썬넷스마트팜,제이왓스마트팜','647920433.0'),('시설원예','일반기업','제조(도매)','주식회사 지에스에프시스템','경상남도 창원시 성산구 충혼로 91','수직농장, 스마트팜, 양액시스템','557155777.0'),('시설원예,축산','일반기업','제조(도매),제조(소매),국내(도매),국내(소매)','주식회사 유프레시','제주특별자치도 제주시 중앙로14길 21','스마트팜환경제어기','647620420.0'),('시설원예,축산','일반기업','제조(도매),제조(소매),국내(도매),국내(소매)','주식회사 엔스텝','경기도 평택시 서탄면 사리안길 12','스마트팜제어장치','318313701.0'),('시설원예','면허기업','제조(도매),제조(소매),정보통신공사 전문','주식회사 에쓰지','경상북도 성주군 선남면 관화5길 49-11','스마트팜시스템, 원격환경제어시스템','15225190.0'),('시설원예,축산','일반기업','제조(도매),제조(소매)','주식회사 스카다아이씨티','서울특별시 강서구 공항대로 219','스마트팜 솔루션(제어 및 모니터링), 복합환경제어판넬','269563035.0'),('시설원예,축산','일반기업','국내(도매),국내(소매)','주식회사 성호에스아이코퍼레이션','경기도 부천시 길주로 276','시설원예 스마트팜, 과수노지 스마트팜, 용존산소시스템, 예냉시스템','323256629.0'),('시설원예','일반기업','국내(도매),국내(소매)','주식회사 새그린','전라북도 전주시 덕진구 삼례로 116','ICT스마트팜','632120877.0'),('시설원예','일반기업','국내(도매),국내(소매)','주식회사 비에이팜','전라남도 나주시 도민길 39-15','양액공급시스템, 환경제어시스템, 스마트팜 기자재','613315755.0'),('시설원예','면허기업','제조(소매),국내(소매)','주식회사 비바엔에스','경기도 성남시 중원구 사기막골로 99','잇츠스마트팜','25663110.0'),('시설원예,축산','일반기업','국내(도매),국내(소매)','주식회사 바른아이씨티','세종특별자치시 한누리대로 1824','DB수집장치, ICT시설원예환경제어시스템, 노지스마트팜, 복합환경제어, 축산ICT컨트롤러','7080988040.0'),('시설원예','일반기업','제조(도매),제조(소매),국내(도매),국내(소매)','주식회사 디에이이엔지','전라남도 나주시 그린로 331','시설원예용 스마트팜','1088741376.0'),('시설원예,축산','일반기업','국내(도매),국내(소매)','정진엔지니어링','부산광역시 남구 문현로66번길 21-7','스마트팜 컨트롤 판넬, 센서외','1038736397.0'),('시설원예,축산','일반기업','국내(소매)','정글인터네셔널','서울특별시 강남구 자곡로 201','복합환경제어기(스마트팜)','1033944542.0'),('시설원예','일반기업','제조(도매)','재원파워텍(주)','울산광역시 북구 효산1길 52','스마트팜 전용 생장촉진 조명등기구','522868804.0'),('시설원예,축산','면허기업','제조(도매),제조(소매),수입(제조·도매),수입(소매),국','인프로','서울특별시 금천구 벚꽃로 286','정보통신공사 전문 , 통합 스마트팜 시스템','25530605.0'),('시설원예','일반기업','국내(소매)','인더랩','대구광역시 동구 대현로 132','스마트팜','1040177774.0'),('시설원예','일반기업','국내(소매)','위드그로우','경기도 용인시 기흥구 강남서로 9','스마트팜 제어 박스 및 센서, ICT연동양액시설, 스마트제어온실','312751123.0'),('시설원예','일반기업','국내(도매),국내(소매)','우성하이텍부산총판','부산광역시 강서구 대저중앙로 9','우성하이텍스마트팜','1071106847.0'),('시설원예','일반기업','제조(도매),제조(소매)','우림전기','경기도 남양주시 순화궁로 249','우림스마트팜 (복합환경제어)','315729984.0'),('시설원예,축산','일반기업','제조(도매),제조(소매),수입(제조·도매),수입(소매),국','엘아이에스 주식회사','대전광역시 유성구 테크노4로 17','팜내비(스마트팜 시스템), ','425258538.0'),('시설원예,축산','면허기업','제조(도매),제조(소매),정보통신공사 전문','에코비엠주식회사','전라남도 순천시 해룡면 율촌산단1로 50','정보통신공사, 스마트팜(ESF900), 전해살균수제조장비','617240885.0'),('시설원예','일반기업','국내(소매)','에스지','전라남도 순천시 해룡면 율촌산단1로 50','복합환경 제어시스템,환경제어기,스마트팜','617518347.0'),('시설원예,축산','일반기업','제조(도매),제조(소매),수입(제조·도매),수입(소매),국','에스디하이테크주식회사','경상북도 안동시 풍산읍 괴정2길 106-17','노지스마트팜, 시설스마트팜, 환경제어시스템, 양액제어시스템','7073276731.0'),('시설원예','면허기업','수입(제조·도매),수입(소매),정보통신공사 전문','씨앤에치아이앤씨(주)','서울특별시 강남구 강남대로 320','정보통신공사, 스마트팜','25013869.0'),('시설원예','일반기업','제조(도매),제조(소매),수입(제조·도매),수입(소매),국','신한에이텍(주)','경상남도 창원시 마산합포구 진북면 진북산업로 116-31','스마트팜','552720482.0'),('시설원예,축산','일반기업','제조(도매),제조(소매),국내(도매),국내(소매)','시스트로닉스(주)','경기도 부천시 평천로850번길 72','유니트쿨러 컨트롤러, 스마트팜제어 컨트롤러, 원격관리 모니터링 프로그램, 돈사ICT','323242777.0'),('시설원예','일반기업','국내(도매)','스마트팜센터','경기도 안양시 동안구 벌말로 66','스마트팜 설치, 스마트팜 컨설팅, 스마트팜 아카데미, 도시농업','1028911015.0'),('시설원예','일반기업','국내(소매)','스마트글로벌','대구광역시 달서구 성서공단로11길 94','스마트팜(온실 환경 모니터링 및 제어 장치)','537216019.0'),('시설원예','일반기업','제조(도매),제조(소매)','성운','경상북도 구미시 구미대로 350-27','5G 레퍼런스 보드(스마트팜 전용)','7082569334.0'),('시설원예','일반기업','국내(소매)','새길','충청남도 논산시 계백로1146번길 6-33','스마트팜양액기,보온커튼,개폐기,농업용기자재등','417333945.0'),('시설원예,축산','일반기업','국내(도매),국내(소매)','상주건설','경상북도 상주시 북상주로 63','환경제어시스템,온실양액시스템,스마트팜온실','545330404.0'),('시설원예','일반기업','국내(도매),국내(소매)','상인농자재','경상북도 칠곡군 동명면 경북대로 777-9','스마트팜 복합제어,스마트웨더,스마트센서','549752454.0'),('시설원예','일반기업','국내(소매)','백두디앤씨(주)','충청남도 당진시 신평면 거산3거리길 26','스마트팜 ICT ','413636000.0'),('시설원예','일반기업','제조(소매),국내(도매),국내(소매)','맘꽃가든','제주특별자치도 제주시 중앙로14길 21','클라우드형 스마트팜','1075122966.0'),('시설원예,축산','일반기업','국내(도매),국내(소매)','만성에이텍','제주특별자치도 서귀포시 호근북로32번길 7','제이왓스마트팜','1067897810.0'),('시설원예','일반기업','제조(도매)','두원글로벌','전라북도 전주시 덕진구 반룡로 109','스마트팜 센서노드,스마트팜 DAQ','632148556.0'),('시설원예','일반기업','수입(제조·도매),수입(소매),국내(도매),국내(소매)','대운건설주식회사','경상남도 진주시 대곡면 대화로 54','스마트팜 환경제어기, 양액기','557466675.0'),('시설원예,축산','면허기업','제조(도매),제조(소매),정보통신공사 전문','다스텍(주)','대구광역시 북구 연암로42길 42-8','스마트팜 주장치','533833399.0'),('시설원예','일반기업','국내(소매)','뉴새한하이테크(주)','제주특별자치도 서귀포시 토평공단로 32','스마트팜시설','647320455.0'),('시설원예','일반기업','국내(도매),국내(소매)','농업회사법인그린생명주식회사','대전광역시 동구 합내로 46','스마트팜','427106635.0'),('시설원예','일반기업','제조(도매)','농업회사법인(주)편농','서울특별시 금천구 가산디지털2로 173','자동제어스마트팜시스템','269490269.0'),('시설원예','일반기업','국내(도매),국내(소매)','농업회사법인 에스팜','경기도 안양시 동안구 벌말로 66','스마트팜 설치, 스마트팜 컨설팅, 스마트팜 아카데미, 도시농업','3180849606.0'),('시설원예,축산','일반기업','제조(도매),제조(소매),국내(도매),국내(소매)','농부이야기','제주특별자치도 서귀포시 남원읍 일주동로 8046','제이왓스마트팜','647645070.0'),('시설원예,축산','일반기업','수입(제조·도매),수입(소매),국내(도매),국내(소매)','넷브리즈(주)','부산광역시 동래구 온천장로 52','스마트팜App, 센서모니터링, 환경제어기, 릴레이보드, 관제시스템 구축','16004808.0'),('시설원예','일반기업','제조(도매),제조(소매),국내(도매),국내(소매)','글로벌스마트솔루션 주식회사','경기도 고양시 덕양구 신원로1길 38','ICT 스마트팜 복합 환경제어 시스템, IoT무선 원격제어 시스템, 지능형 통합관제 시스템','1048742370.0'),('시설원예','일반기업','국내(도매),국내(소매)','그린팜온실','경상북도 경주시 강동면 인동새들길 5','스마트팜온실전문','547622740.0'),('시설원예','면허기업','제조(도매),제조(소매),국내(소매),정보통신공사 전문','그린랩스','서울특별시 송파구 법원로11길 25','팜모닝(스마트팜)','16444372.0'),('시설원예','일반기업','국내(소매)','강산그린시스템','경상남도 김해시 진영읍 김해대로 747','ICT복합환경제어시스템(웰시스),스마트팜환경제어시스템(팜시스)','553429400.0'),('시설원예','일반기업','국내(소매)','(주)희망건설','강원도 철원군 동송읍 북원로 1307','외부온습도센서,풍향센서,풍속센서,일사센서,감우센서,내부온습도센서,CO2센서,지온지습센서,토양EC센서,KT스마트팜소프','334551711.0'),('시설원예','일반기업','제조(도매),제조(소매),국내(도매),국내(소매)','(주)현대금속농공','충청남도 천안시 서북구 입장면 연곡길 145','외부온습도센서,풍향센서,풍속센서,일사센서,감우센서,내부온습도센서,CO2센서,지온지습센서,토양EC센서,KT스마트팜소프','415875640.0'),('시설원예,축산','일반기업','수입(소매),국내(도매),국내(소매)','(주)팜솔','경상북도 군위군 의흥면 동부로 548-17','스마트팜','543839013.0'),('시설원예','일반기업','제조(도매),제조(소매)','(주)큐어텍','경기도 안양시 동안구 전파로104번길 54','스마트팜 콘트롤러','314298868.0'),('시설원예','일반기업','제조(도매)','(주)코막스','경상남도 창원시 의창구 북면 동전산단동로37번길 42','스마트팜 회전형 수직다단재배장치','552950059.0'),('시설원예','일반기업','제조(도매),제조(소매),국내(소매)','(주)청오엔지니어링','대전광역시 대덕구 대화로32번길 60-9','외부온습도센서,풍향센서,풍속센서,일사센서,감우센서,내부온습도센서,CO2센서,지온지습센서,토양EC센서,KT스마트팜소프','426213800.0'),('시설원예,축산','일반기업','제조(도매),제조(소매)','(주)유비엔','대구광역시 수성구 알파시티1로 160','스마트팜 시스템(무선통신)','536236001.0'),('시설원예','일반기업','수입(제조·도매),수입(소매),국내(도매),국내(소매)','(주)워너비체인소프트','전라남도 목포시 미항로 129','스마트팜 제어 시스템 및 자동화 프로그램개발','612875556.0'),('시설원예','일반기업','제조(도매),제조(소매),수입(제조·도매)','(주)우원테크','경기도 군포시 엘에스로 172',' ICT/IOT 기반 의 스마트팜 구축(태양광유리온실, 빌딩형, 콘테이너형, 쇼케이스형, etc)','313461662.0'),('시설원예','일반기업','수입(소매),국내(도매),국내(소매)','(주)우성바이오플랜트','대전광역시 유성구 테크노4로 17','복합환경제어시스템,양액시스템,스마트팜온실,유리온실','429345204.0'),('시설원예','일반기업','제조(도매),제조(소매)','(주)온더버스','충청남도 홍성군 홍북읍 내용길547번길 121','환경제어기(스마트팜)','7080650409.0'),('시설원예,축산','일반기업','제조(소매)','(주)엠코피아','서울특별시 금천구 가산디지털2로 14','스마트팜 HW, SW','24986612.0'),('시설원예,축산','일반기업','제조(도매),제조(소매),수입(제조·도매),수입(소매),국','(주)엠에스','경기도 포천시 군내면 용정경제로1길 94-74','스마트팜','315317759.0'),('시설원예,축산','일반기업','국내(소매)','(주)에이케어','경기도 군포시 대야2로 35','ICT컨트롤러 (주)길소프트 - &apos;스마트팜 사업협력 계약&apos;체결','7076852279.0'),('시설원예,축산','일반기업','제조(도매),제조(소매),국내(도매),국내(소매)','(주)에스이디','광주광역시 남구 에너지밸리산업6로 4','스마트팜원격제어시스템','622263570.0'),('시설원예','일반기업','제조(도매),제조(소매)','(주)에너틱스','광주광역시 북구 문화소통로 170','스마트팜 복합환경제어시스템','622649997.0'),('시설원예','일반기업','제조(도매),제조(소매)','(주)아이온이엔지','대전광역시 대덕구 선비마을로6번길 15-18','전동기제어반, ICT스마트팜제어장치, ICT스마트팜제어소프트웨어','426312204.0'),('시설원예','일반기업','수입(소매),국내(도매),국내(소매)','(주)선양','전라북도 남원시 쑥고개로 85','스마트팜환경제어(판넬 및 제어시스템)','613817562.0'),('시설원예,축산','일반기업','제조(도매),제조(소매),수입(제조·도매),국내(도매),국','(주)로그인디지탈','서울특별시 금천구 가산디지털2로 98','전력선 통신을 이용한 LED 디밍 식물등, 스마트팜 KS규격 식물등 제어기','232810775.0'),('시설원예,축산','일반기업','국내(도매),국내(소매)','(주)디엔비소프트','강원도 원주시 흥업면 한라대길 28','스마트팜, 소프트웨어, iot 장비, 시스템','15998596.0'),('시설원예,축산','면허기업','제조(소매),국내(소매)','(주)대은계전','제주특별자치도 제주시 첨단로8길 86-2','스마트팜 환경제어 시스템, 스마트 노지팜, 수처리 계장제어시스템, 가로등원격제어시스템','647218446.0'),('시설원예,축산','면허기업','제조(소매),정보통신공사 전문','(주)대은계전','제주특별자치도 제주시 첨단로8길 86-2','스마트팜 환경제어 시스템, 스마트 노지팜, 수처리 계장제어 시스템,  BEMS','647218446.0'),('시설원예,축산','일반기업','제조(도매)','(주)담우광학전자기술','광주광역시 북구 첨단과기로 313','스마트팜 센서, 원격관리 바닥신호등, 영상인식 치패계수기, 스마트가로등','1095524407.0'),('시설원예','면허기업','제조(도매),제조(소매),국내(도매),국내(소매),정보통신','(주)다온정보기술','전라북도 전주시 덕진구 반룡로 109','스마트팜통합제어기 및 센서보드, 운영S/W','632768807.0'),('시설원예','일반기업','제조(도매)','(주)농정사이버','서울특별시 금천구 가산디지털2로 98','스마트팜/양액재배시스템/빅데이터구축/통합관제시스템/저장고/농산물저장생리장해예측','220267588.0'),('시설원예,축산','일반기업','제조(도매),제조(소매),수입(제조·도매),수입(소매),국','(주)농자재플러스','전라북도 익산시 만석길 321','ICT스마트팜제어시스템','638589914.0'),('시설원예','일반기업','제조(도매),제조(소매)','(주)글로벌코딩연구소','경상남도 창원시 마산합포구 3·15대로 298','1. 스마트팜 복합환경 제어 솔루션 2. 맞춤형 스마트팜 통합환경 PCB  3. 사전예약제 실시간 거래 솔루션','552441007.0'),('시설원예,축산','일반기업','제조(도매),제조(소매)','(유)린캔패스트','전라남도 장성군 장성읍 영천로 212','복합환경제어기,컨트롤판넬,데이터베이스구축,스마트팜S/W,센서,cctv,녹화기,양액기','613951118.0');
/*!40000 ALTER TABLE `SmartFarmCompanyList` ENABLE KEYS */;
UNLOCK TABLES;

--
-- Table structure for table `SmartFarm_Trend`
--

DROP TABLE IF EXISTS `SmartFarm_Trend`;
/*!40101 SET @saved_cs_client     = @@character_set_client */;
/*!50503 SET character_set_client = utf8mb4 */;
CREATE TABLE `SmartFarm_Trend` (
  `date` varchar(16) DEFAULT NULL,
  `Num_of_search` float DEFAULT NULL
) ENGINE=InnoDB DEFAULT CHARSET=utf8mb4 COLLATE=utf8mb4_0900_ai_ci;
/*!40101 SET character_set_client = @saved_cs_client */;

--
-- Dumping data for table `SmartFarm_Trend`
--

LOCK TABLES `SmartFarm_Trend` WRITE;
/*!40000 ALTER TABLE `SmartFarm_Trend` DISABLE KEYS */;
INSERT INTO `SmartFarm_Trend` VALUES ('2021-12',48),('2022-01',312),('2022-02',259),('2022-03',335),('2022-04',327),('2022-05',448),('2022-06',287),('2022-07',365),('2022-08',253),('2022-09',299),('2022-10',399),('2022-11',327),('2022-12',272),('2023-01',336),('2023-02',249),('2023-03',346),('2023-04',404),('2023-05',285),('2023-06',216),('2023-07',297),('2023-08',204),('2023-09',243),('2023-10',286),('2023-11',286),('2023-12',250),('2024-01',206),('2024-02',168),('2024-03',200);
/*!40000 ALTER TABLE `SmartFarm_Trend` ENABLE KEYS */;
UNLOCK TABLES;

--
-- Table structure for table `Test`
--

DROP TABLE IF EXISTS `Test`;
/*!40101 SET @saved_cs_client     = @@character_set_client */;
/*!50503 SET character_set_client = utf8mb4 */;
CREATE TABLE `Test` (
  `Region` varchar(16) DEFAULT NULL,
  `Name` varchar(16) DEFAULT NULL,
  `Year2014` float DEFAULT NULL,
  `Year2015` float DEFAULT NULL,
  `Year2016` float DEFAULT NULL,
  `Year2017` float DEFAULT NULL,
  `Year2018` float DEFAULT NULL,
  `Year2019` float DEFAULT NULL,
  `Year2020` float DEFAULT NULL,
  `Year2021` float DEFAULT NULL,
  `Year2022` float DEFAULT NULL,
  `Year2023` float DEFAULT NULL,
  `GR_from_2014` float DEFAULT NULL,
  `GR_from_2015` float DEFAULT NULL,
  `GR_from_2016` float DEFAULT NULL,
  `GR_from_2017` float DEFAULT NULL,
  `GR_from_2018` float DEFAULT NULL,
  `GR_from_2019` float DEFAULT NULL,
  `GR_from_2020` float DEFAULT NULL,
  `GR_from_2021` float DEFAULT NULL,
  `GR_from_2022` float DEFAULT NULL
) ENGINE=InnoDB DEFAULT CHARSET=utf8mb4 COLLATE=utf8mb4_0900_ai_ci;
/*!40101 SET character_set_client = @saved_cs_client */;

--
-- Dumping data for table `Test`
--

LOCK TABLES `Test` WRITE;
/*!40000 ALTER TABLE `Test` DISABLE KEYS */;
INSERT INTO `Test` VALUES ('전국','사과',96.971,96.563,83.596,89.034,94.143,92.835,100,118.45,102.36,127.11,-0.420744,-13.4285,6.5051,5.73826,-1.38938,7.71799,18.45,-13.5838,24.1794),('전국','배',87.401,81.382,87.084,80.921,79.64,101.995,100,134.34,115.43,105.99,-6.88665,7.00646,-7.07708,-1.58303,28.0701,-1.95598,34.34,-14.0762,-8.17812),('전국','복숭아',116.626,98.89,99.801,101.136,100.395,99.781,100,123.45,132.64,148.22,-15.2076,0.921226,1.33766,-0.732677,-0.611584,0.219481,23.45,7.44431,11.7461),('전국','포도',91.085,79.165,78.584,90.048,95.093,92.485,100,112.69,132.07,132.28,-13.0867,-0.73391,14.5882,5.60257,-2.74258,8.12564,12.69,17.1976,0.159007),('전국','밤',79.336,80.374,95.06,97.254,87.167,84.822,100,108.76,99.24,108.35,1.30836,18.2721,2.30802,-10.3718,-2.69024,17.8939,8.76,-8.75322,9.17977),('전국','감',85.905,73.434,71.879,84.497,96.648,95.649,100,119.44,123.53,112.39,-14.5172,-2.11755,17.5545,14.3804,-1.03365,4.54892,19.44,3.42431,-9.01805),('전국','귤',81.597,72.294,77.997,138.988,116.258,106.146,100,104.02,121.53,144.75,-11.4012,7.88862,78.1966,-16.3539,-8.6979,-5.79014,4.02,16.8333,19.1064),('전국','오렌지',106.562,105.858,98.154,108.372,103.655,87.377,100,100.08,123.32,127.5,-0.660648,-7.27767,10.4102,-4.3526,-15.704,14.4466,0.08,23.2214,3.38956),('전국','참외',95.96,99.82,92.33,93.335,104.852,95.711,100,112.19,118.18,130.53,4.02251,-7.50351,1.08849,12.3394,-8.718,4.4812,12.19,5.33916,10.4502),('전국','수박',98.673,87.358,92.302,105.449,118.786,108.397,100,121.29,133.64,145.52,-11.4672,5.65947,14.2435,12.6478,-8.74598,-7.74652,21.29,10.1822,8.88955),('전국','딸기',99.106,108.354,99.232,98.311,109.79,88.521,100,100.21,114.57,127.32,9.33142,-8.4187,-0.928128,11.6762,-19.3724,12.9675,0.21,14.3299,11.1286),('전국','바나나',86.443,89.1,100.259,96.931,94.971,96.253,100,101.41,113.59,121.33,3.0737,12.5241,-3.3194,-2.02206,1.34989,3.89287,1.41,12.0106,6.81398),('전국','키위',108.007,102.59,92.625,95.31,94.576,96.464,100,106.64,118.33,125.31,-5.01542,-9.71342,2.89879,-0.770119,1.99628,3.66562,6.64,10.9621,5.89876),('전국','블루베리',102.686,102.686,99.158,99.513,99.162,93.44,100,108.09,128.42,137.93,0,-3.43572,0.358014,-0.352718,-5.77036,7.02055,8.09,18.8084,7.40539),('전국','망고',0,0,0,0,0,0,0,108.99,119.63,119.85,0,0,0,0,0,0,0,9.76236,0.1839),('전국','체리',0,0,0,0,0,0,0,95.39,113.07,100.88,0,0,0,0,0,0,0,18.5344,-10.7809),('전국','아보카도',0,0,0,0,0,0,0,87.6,101.57,96.01,0,0,0,0,0,0,0,15.9475,-5.47406),('전국','파인애플',0,0,0,0,0,0,0,109.25,121.97,136,0,0,0,0,0,0,0,11.643,11.5028),('전국','아몬드',114.258,114.258,111.911,105.959,105.137,102.256,100,98.39,99.05,99.67,0,-2.05412,-5.31851,-0.775772,-2.74023,-2.20623,-1.61,0.6708,0.625946);
/*!40000 ALTER TABLE `Test` ENABLE KEYS */;
UNLOCK TABLES;

--
-- Table structure for table `Total_CPI`
--

DROP TABLE IF EXISTS `Total_CPI`;
/*!40101 SET @saved_cs_client     = @@character_set_client */;
/*!50503 SET character_set_client = utf8mb4 */;
CREATE TABLE `Total_CPI` (
  `Year` varchar(10) DEFAULT NULL,
  `Nationwide` float DEFAULT NULL,
  `Seoul` float DEFAULT NULL,
  `Busan` float DEFAULT NULL,
  `Daegu` float DEFAULT NULL,
  `Incheon` float DEFAULT NULL,
  `Gwangju` float DEFAULT NULL,
  `Daejeon` float DEFAULT NULL,
  `Ulsan` float DEFAULT NULL,
  `Sejong` float DEFAULT NULL,
  `Gyeonggi` float DEFAULT NULL,
  `Gangwon` float DEFAULT NULL,
  `Chungbuk` float DEFAULT NULL,
  `Chungnam` float DEFAULT NULL,
  `Jeonbuk` float DEFAULT NULL,
  `Jeonnam` float DEFAULT NULL,
  `Gyeongbuk` float DEFAULT NULL,
  `Gyeongnam` float DEFAULT NULL,
  `Jeju` float DEFAULT NULL
) ENGINE=InnoDB DEFAULT CHARSET=utf8mb4 COLLATE=utf8mb4_0900_ai_ci;
/*!40101 SET character_set_client = @saved_cs_client */;

--
-- Dumping data for table `Total_CPI`
--

LOCK TABLES `Total_CPI` WRITE;
/*!40000 ALTER TABLE `Total_CPI` DISABLE KEYS */;
INSERT INTO `Total_CPI` VALUES ('2014',94.196,93.3,94.019,93.769,93.832,95.041,95.459,95.812,95.309,94.038,94.334,95.22,95.309,95.233,94.627,95.758,94.997,93.55),('2015',94.861,94.47,94.807,94.464,94.76,95.306,95.648,96.251,95.515,94.734,94.369,95.073,95.515,95.205,94.595,95.795,95.521,94.149),('2016',95.783,95.585,95.929,95.412,95.571,96.18,96.297,97.205,96.171,95.624,95.11,95.613,96.171,95.718,95.486,96.452,96.405,95.366),('2017',97.645,97.494,97.639,97.358,97.383,98.191,97.894,99.006,98.036,97.545,97.013,97.524,98.036,97.492,97.508,98.24,97.952,97.553),('2018',99.086,98.799,99.343,99.047,98.96,99.345,99.412,100.026,99.437,98.994,98.557,99.122,99.437,99.158,98.971,99.703,99.304,99.252),('2019',99.466,99.382,99.824,99.71,99.222,99.564,99.622,99.705,99.343,99.396,99.384,99.487,99.343,99.467,99.3,99.875,99.385,99.574),('2020',100,100,100,100,100,100,100,100,100,100,100,100,100,100,100,100,100,100),('2021',102.5,102.1,102.46,102.64,102.62,102.57,102.5,102.49,102.71,102.57,102.8,102.69,102.77,102.59,102.62,102.74,102.53,102.63),('2022',107.72,106.69,107.35,108.02,107.96,107.79,107.52,107.57,108.23,107.72,108.98,108.52,108.74,108.06,108.43,108.74,107.98,108.71),('2023',111.59,110.87,111.33,111.78,111.91,111.76,111.24,111.42,111.46,111.54,112.98,112.38,112.34,111.62,112.2,112.38,111.75,111.94);
/*!40000 ALTER TABLE `Total_CPI` ENABLE KEYS */;
UNLOCK TABLES;

--
-- Table structure for table `Vegetable`
--

DROP TABLE IF EXISTS `Vegetable`;
/*!40101 SET @saved_cs_client     = @@character_set_client */;
/*!50503 SET character_set_client = utf8mb4 */;
CREATE TABLE `Vegetable` (
  `Region` varchar(16) DEFAULT NULL,
  `Name` varchar(16) DEFAULT NULL,
  `Year2014` float DEFAULT NULL,
  `Year2015` float DEFAULT NULL,
  `Year2016` float DEFAULT NULL,
  `Year2017` float DEFAULT NULL,
  `Year2018` float DEFAULT NULL,
  `Year2019` float DEFAULT NULL,
  `Year2020` float DEFAULT NULL,
  `Year2021` float DEFAULT NULL,
  `Year2022` float DEFAULT NULL,
  `Year2023` float DEFAULT NULL,
  `GR_from_2014` float DEFAULT NULL,
  `GR_from_2015` float DEFAULT NULL,
  `GR_from_2016` float DEFAULT NULL,
  `GR_from_2017` float DEFAULT NULL,
  `GR_from_2018` float DEFAULT NULL,
  `GR_from_2019` float DEFAULT NULL,
  `GR_from_2020` float DEFAULT NULL,
  `GR_from_2021` float DEFAULT NULL,
  `GR_from_2022` float DEFAULT NULL
) ENGINE=InnoDB DEFAULT CHARSET=utf8mb4 COLLATE=utf8mb4_0900_ai_ci;
/*!40101 SET character_set_client = @saved_cs_client */;

--
-- Dumping data for table `Vegetable`
--

LOCK TABLES `Vegetable` WRITE;
/*!40000 ALTER TABLE `Vegetable` DISABLE KEYS */;
INSERT INTO `Vegetable` VALUES ('전국','배추',50.129,56.674,96.128,78.512,79.994,70.588,100,81.85,111.1,95.11,13.0563,69.6157,-18.3256,1.88761,-11.7584,41.6671,-18.15,35.7361,-14.3924),('전국','상추',63.422,72.802,85.313,87.048,96.018,91.919,100,114.68,114.55,125.45,14.7898,17.185,2.03369,10.3047,-4.26899,8.79144,14.68,-0.113359,9.5155),('전국','시금치',59.429,71.699,92.084,85.206,101.21,89.671,100,116.29,133.81,130.1,20.6465,28.4314,-7.46927,18.7827,-11.401,11.5188,16.29,15.0658,-2.77259),('전국','양배추',37.204,48.625,64.897,77.076,79.115,64.585,100,77.03,88.9,94.38,30.6983,33.4643,18.7667,2.64544,-18.3657,54.8347,-22.97,15.4096,6.16423),('전국','미나리',68.626,74.686,85.58,86.722,97.036,93.152,100,112.41,130.65,136.95,8.83047,14.5864,1.33442,11.8932,-4.00264,7.35143,12.41,16.2263,4.82204),('전국','깻잎',74.694,74.886,83.293,81.938,92.681,86.715,100,104.5,115.98,122.22,0.257049,11.2264,-1.62679,13.1111,-6.43713,15.3203,4.5,10.9856,5.38024),('전국','부추',65.742,75.669,86.374,77.575,82.418,81.31,100,102.31,118.46,134.41,15.0999,14.1471,-10.1871,6.24299,-1.34437,22.9861,2.31,15.7854,13.4645),('전국','무',50.341,59.047,87.65,91.905,107.307,80.396,100,78.5,108.76,97.11,17.2941,48.4411,4.85454,16.7586,-25.0785,24.3843,-21.5,38.5478,-10.7117),('전국','열무',63.359,66.994,84.173,76.396,78.982,86.747,100,102.1,128.08,115.45,5.73715,25.6426,-9.2393,3.38499,9.83135,15.2778,2.1,25.4456,-9.86102),('전국','당근',69.477,60.115,73.724,89.621,88.134,81.632,100,75.85,88.29,113.92,-13.475,22.6383,21.5629,-1.65921,-7.3774,22.501,-24.15,16.4008,29.0293),('전국','감자',72.968,86.1,83.581,105.264,127.743,96.922,100,105.17,126.69,129.61,17.9969,-2.92567,25.9425,21.3549,-24.1273,3.17575,5.17,20.4621,2.30484),('전국','고구마',67.193,74.252,71.284,76.03,94.959,86.431,100,108.4,84.86,91.76,10.5056,-3.9972,6.65788,24.8968,-8.98072,15.6992,8.4,-21.7159,8.13104),('전국','도라지',93.705,90.094,89.62,90.56,92.44,96.938,100,105.87,115.89,121.03,-3.85358,-0.526117,1.04887,2.07597,4.86586,3.15872,5.87,9.46444,4.43524),('전국','콩나물',90.195,90.49,90.95,98.312,99.539,99.955,100,103.98,109.51,112.56,0.327069,0.508343,8.09456,1.24807,0.417927,0.0450203,3.98,5.31833,2.78513),('전국','버섯',115.892,113.868,110.377,107.949,106.083,104.523,100,109.27,116.13,111.71,-1.74645,-3.06583,-2.19973,-1.72859,-1.47055,-4.32728,9.27,6.27803,-3.80608),('전국','오이',77.9,83.853,89.796,87.824,94.045,97.224,100,113.09,124.36,141.38,7.64185,7.0874,-2.19609,7.08349,3.3803,2.85526,13.09,9.96551,13.6861),('전국','풋고추',85.526,82.138,88.556,87.911,87.69,86.326,100,99.47,109.07,125.31,-3.96137,7.81368,-0.728353,-0.251391,-1.55548,15.84,-0.53,9.65115,14.8895),('전국','호박',77.266,77.629,85.703,81.69,93.796,79.903,100,103.76,109.09,115.76,0.469806,10.4008,-4.68245,14.8194,-14.8119,25.1517,3.76,5.13685,6.11422),('전국','가지',80.234,81.571,86.886,90.233,95.224,90.314,100,103.97,113.62,115.81,1.66638,6.5158,3.85217,5.53124,-5.15626,10.7248,3.97,9.28152,1.92748),('전국','토마토',75.01,71.371,80.391,84.12,85.254,84.459,100,94.43,103.71,115.73,-4.85135,12.6382,4.63858,1.34807,-0.932508,18.4006,-5.57,9.82738,11.59),('전국','파',61.666,86.664,104.218,98.442,99.37,82.514,100,138.38,104.41,123.33,40.5377,20.2552,-5.54223,0.942687,-16.9629,21.1916,38.38,-24.5483,18.1209),('전국','양파',64.962,87.01,93.144,100.359,80.856,68.748,100,103.56,94.42,109.06,33.9398,7.04976,7.74607,-19.4332,-14.9748,45.4588,3.56,-8.8258,15.5052),('전국','마늘',81.346,100.26,132.496,124.046,119.034,102.269,100,129.47,143.11,133.53,23.2513,32.1524,-6.37755,-4.04044,-14.0842,-2.21866,29.47,10.5353,-6.69415),('전국','브로콜리',76.657,69.525,89.276,80.823,90.422,91.909,100,97.88,103.04,110.53,-9.30378,28.4085,-9.46839,11.8766,1.64451,8.80327,-2.12,5.27176,7.26902),('전국','고사리',98.747,98.572,96.223,96.336,97.571,97.716,100,109.62,120.46,121.96,-0.177221,-2.38303,0.117436,1.28197,0.14861,2.33739,9.62,9.88871,1.24523),('전국','파프리카',83.131,83.131,91.749,86.957,99.844,87.329,100,99.61,106.72,115.17,0,10.3668,-5.22295,14.82,-12.5346,14.5095,-0.39,7.13784,7.91792),('전국','생강',66.622,79.22,60.343,46.296,76.855,124.213,100,78.26,68.57,123.53,18.9097,-23.8286,-23.2786,66.0079,61.6199,-19.4931,-21.74,-12.3818,80.1517);
/*!40000 ALTER TABLE `Vegetable` ENABLE KEYS */;
UNLOCK TABLES;

--
-- Table structure for table `apple_yield`
--

DROP TABLE IF EXISTS `apple_yield`;
/*!40101 SET @saved_cs_client     = @@character_set_client */;
/*!50503 SET character_set_client = utf8mb4 */;
CREATE TABLE `apple_yield` (
  `시점` text,
  `계` text,
  `계.1` text,
  `계.2` text,
  `서울특별시` text,
  `서울특별시.1` text,
  `서울특별시.2` text,
  `부산광역시` text,
  `부산광역시.1` text,
  `부산광역시.2` text,
  `대구광역시` text,
  `대구광역시.1` text,
  `대구광역시.2` text,
  `인천광역시` text,
  `인천광역시.1` text,
  `인천광역시.2` text,
  `광주광역시` text,
  `광주광역시.1` text,
  `광주광역시.2` text,
  `대전광역시` text,
  `대전광역시.1` text,
  `대전광역시.2` text,
  `울산광역시` text,
  `울산광역시.1` text,
  `울산광역시.2` text,
  `세종특별자치시` text,
  `세종특별자치시.1` text,
  `세종특별자치시.2` text,
  `경기도` text,
  `경기도.1` text,
  `경기도.2` text,
  `강원도` text,
  `강원도.1` text,
  `강원도.2` text,
  `충청북도` text,
  `충청북도.1` text,
  `충청북도.2` text,
  `충청남도` text,
  `충청남도.1` text,
  `충청남도.2` text,
  `전라북도` text,
  `전라북도.1` text,
  `전라북도.2` text,
  `전라남도` text,
  `전라남도.1` text,
  `전라남도.2` text,
  `경상북도` text,
  `경상북도.1` text,
  `경상북도.2` text,
  `경상남도` text,
  `경상남도.1` text,
  `경상남도.2` text,
  `제주도` text,
  `제주도.1` text,
  `제주도.2` text
) ENGINE=InnoDB DEFAULT CHARSET=utf8mb4 COLLATE=utf8mb4_0900_ai_ci;
/*!40101 SET character_set_client = @saved_cs_client */;

--
-- Dumping data for table `apple_yield`
--

LOCK TABLES `apple_yield` WRITE;
/*!40000 ALTER TABLE `apple_yield` DISABLE KEYS */;
INSERT INTO `apple_yield` VALUES ('시점','사과:면적 (ha)','사과:10a당 생산량 (kg)','사과:생산량 (톤)','사과:면적 (ha)','사과:10a당 생산량 (kg)','사과:생산량 (톤)','사과:면적 (ha)','사과:10a당 생산량 (kg)','사과:생산량 (톤)','사과:면적 (ha)','사과:10a당 생산량 (kg)','사과:생산량 (톤)','사과:면적 (ha)','사과:10a당 생산량 (kg)','사과:생산량 (톤)','사과:면적 (ha)','사과:10a당 생산량 (kg)','사과:생산량 (톤)','사과:면적 (ha)','사과:10a당 생산량 (kg)','사과:생산량 (톤)','사과:면적 (ha)','사과:10a당 생산량 (kg)','사과:생산량 (톤)','사과:면적 (ha)','사과:10a당 생산량 (kg)','사과:생산량 (톤)','사과:면적 (ha)','사과:10a당 생산량 (kg)','사과:생산량 (톤)','사과:면적 (ha)','사과:10a당 생산량 (kg)','사과:생산량 (톤)','사과:면적 (ha)','사과:10a당 생산량 (kg)','사과:생산량 (톤)','사과:면적 (ha)','사과:10a당 생산량 (kg)','사과:생산량 (톤)','사과:면적 (ha)','사과:10a당 생산량 (kg)','사과:생산량 (톤)','사과:면적 (ha)','사과:10a당 생산량 (kg)','사과:생산량 (톤)','사과:면적 (ha)','사과:10a당 생산량 (kg)','사과:생산량 (톤)','사과:면적 (ha)','사과:10a당 생산량 (kg)','사과:생산량 (톤)','사과:면적 (ha)','사과:10a당 생산량 (kg)','사과:생산량 (톤)'),('2014','21399','2218','474712','0','0','0','1','2529','25','57','2213','1262','0','0','0','0','0','0','3','2329','70','2','2529','51','-','-','-','192','1183','2272','177','1257','2225','2730','2076','56667','1006','2329','23427','1244','2299','28598','250','2023','5058','13257','2205','292340','2480','2529','62716','0','0','0'),('2015','21965','2654','582845','0','0','0','1','2660','27','52','2977','1548','0','0','0','0','0','0','2','2553','51','3','2660','80','-','-','-','170','1611','2740','218','2052','4472','2789','2483','69242','962','2553','24560','1237','2804','34688','235','2264','5320','13759','2708','372627','2537','2660','67491','0','0','0'),('2016','23880','2414','576369','0','0','0','4','2218','89','76','2141','1627','7','1163','81','0','0','0','17','1895','322','15','2277','342','0','0','0','192','1163','2234','440','1313','5778','2995','2332','69846','1226','2196','26924','1565','2620','41008','453','2047','9274','14585','2521','367710','2305','2218','51134','0','0','0'),('2017','23355','2335','545349','0','1030','0','1','2311','13','74','1782','1322','2','1030','21','0','0','0','12','1599','199','19','1762','327','1','2319','19','171','1030','1762','391','1418','5550','2745','2428','66661','1265','2319','29343','1635','2489','40694','357','2135','7621','14355','2355','338034','2327','2311','53782','0','2135','1'),('2018','23600','2014','475303','0','0','0','1','2085','15','43','1181','509','8','613','50','2','1206','21','11','1402','153','21','781','167','10','1546','157','162','613','992','483','1139','5506','2886','1787','51580','1156','1546','17878','1593','1795','28597','330','1206','3984','14473','2178','315230','2420','2085','50461','0','1206','1'),('2019','23911','2239','535324','0','0','0','2','2602','55','36','1055','378','11','805','87','2','1402','35','5','1687','90','20','96','19','9','2119','198','211','805','1699','542','1935','10486','2653','1974','52376','1142','2119','24189','1776','2253','40020','390','1402','5471','14723','2296','338085','2388','2602','62136','0','1402','0'),('2020','23330','1809','422115','0','0','0','2','1826','28','36','1808','647','9','692','63','3','757','20','1','1724','11','21','294','61','0','0','0','226','692','1563','517','1590','8215','2437','1743','42477','995','1724','17147','1734','1315','22804','389','757','2944','14323','1941','277942','2639','1826','48194','0','0','0'),('2021','26302','1962','515931','0','949','0','2','2493','45','54','1390','752','5','949','46','2','1341','25','9','1759','164','7','2493','170','2','1759','40','316','949','3001','1053','2232','23503','2703','1929','52133','1291','1759','22717','1558','2256','35142','122','1341','1635','16469','1876','309034','2708','2493','67524','0','0','0'),('2022','25767','2197','566041','0','1041','0','2','2809','49','54','1841','990','2','1041','19','2','1673','31','10','2025','200','15','2809','420','1','2025','24','320','1041','3333','1192','2085','24852','2600','2256','58640','1204','2025','24371','1787','2385','42618','141','1673','2351','15677','2108','330532','2763','2809','77610','0','1673','1'),('2023','24687','1598','394428','0','840','0','6','1842','108','60','1065','641','6','840','52','2','678','15','9','1313','112','15','1842','284','1','1313','12','331','840','2779','1217','1621','19729','2564','1407','36063','1073','1313','14093','1755','1492','26183','159','678','1080','14867','1648','244990','2621','1842','48286','0','678','1');
/*!40000 ALTER TABLE `apple_yield` ENABLE KEYS */;
UNLOCK TABLES;

--
-- Table structure for table `avg_annual_temp`
--

DROP TABLE IF EXISTS `avg_annual_temp`;
/*!40101 SET @saved_cs_client     = @@character_set_client */;
/*!50503 SET character_set_client = utf8mb4 */;
CREATE TABLE `avg_annual_temp` (
  ` 일시` int DEFAULT NULL,
  `  평균기온` double DEFAULT NULL,
  `최고기온평균` double DEFAULT NULL,
  `최저기온평균` double DEFAULT NULL,
  `강수량` double DEFAULT NULL
) ENGINE=InnoDB DEFAULT CHARSET=utf8mb4 COLLATE=utf8mb4_0900_ai_ci;
/*!40101 SET character_set_client = @saved_cs_client */;

--
-- Dumping data for table `avg_annual_temp`
--

LOCK TABLES `avg_annual_temp` WRITE;
/*!40000 ALTER TABLE `avg_annual_temp` DISABLE KEYS */;
INSERT INTO `avg_annual_temp` VALUES (1905,12.4,16.3,9.3,1311.2),(1906,12,15.8,8.8,1032.8),(1907,12.5,16.8,9,627.7),(1908,11.7,16.1,7.9,1054.4),(1909,12,16.9,7.9,887.9),(1910,11.7,16.4,7.7,1200.4),(1911,12,16.7,8.2,1111.7),(1912,11.8,16.7,7.7,1018.6),(1913,11.5,16.7,7.2,830.8),(1914,13.1,17.8,9.3,1211.3),(1915,12.3,16.9,8.4,1280),(1916,12.2,16.9,8.3,1639),(1917,11.1,16.1,6.9,830.3),(1918,11.6,16.6,7.5,1047.8),(1919,12.1,17.4,7.8,1100.9),(1920,12.5,17.5,8.4,1341.4),(1921,12,16.9,7.9,1148.5),(1922,12.3,17.4,8.2,1218.9),(1923,11.8,16.7,7.7,1237.8),(1924,12.3,17.4,8,968.1),(1925,12.1,17,8,1551.5),(1926,12,16.9,7.9,1355.3),(1927,12.4,17.5,8.2,1196.9),(1928,12.4,17.5,8.2,1094.7),(1929,12.6,17.8,8.4,887.4),(1930,13,17.8,9,1476.3),(1931,12.2,17,8.2,1338.7),(1932,12.6,17.7,8.6,883.6),(1933,12.3,17,8.4,1504.5),(1934,12,16.8,8.1,1437.3),(1935,12.9,17.9,8.9,1076.6),(1936,11.6,16.5,7.7,1547.2),(1937,13,17.9,9,1072.4),(1938,12.5,17.5,8.6,974.6),(1939,13,18.1,8.9,778.1),(1940,12.4,17.4,8.2,1299.1),(1941,12.5,17.5,8.4,1221.3),(1942,12.6,17.7,8.4,960),(1943,12.8,17.9,8.7,896.2),(1944,12.5,17.5,8.6,977.8),(1945,12,16.9,8.1,1258.6),(1946,13,17.9,9,1257.7),(1947,11.5,16.4,7.6,1135.1),(1948,13.2,18.1,9.3,1440.1),(1949,12.7,17.6,8.9,984.9),(1950,13.5,18.4,9.6,901.2),(1951,13.5,18.3,9.7,825.1),(1952,12.8,17.5,9,1101.9),(1953,12.9,17.6,8.9,1294),(1954,12.9,17.4,9.2,1522.3),(1955,13,17.8,9.1,1073.8),(1956,11.8,16.4,8,1586.3),(1957,12.1,16.8,8.3,1307.7),(1958,13,17.7,9.1,1435.8),(1959,13.6,18.1,9.8,1338),(1960,13.4,18.1,9.6,1200.6),(1961,13.9,18.1,9.9,1578.8),(1962,13.1,17.7,9.2,1222.7),(1963,12.5,16.9,8.7,1483.3),(1964,13.5,17.9,9.8,1294.8),(1965,12.7,17.4,8.6,1153.8),(1966,12.9,17.5,8.9,1344.3),(1967,12.8,17.5,8.8,1020.2),(1968,12.6,17.3,8.6,1052.7),(1969,12.1,16.5,8.2,1543.1),(1970,12.3,16.9,8.4,1411.1),(1971,12.6,17.3,8.6,906.8),(1972,12.5,17.1,8.5,1076.5),(1973,12.5,17.7,7.8,1052.8),(1974,11.4,16.8,6.7,1359.9),(1975,12.6,17.8,8.2,1335.2),(1976,11.7,17,7,1104.2),(1977,12.4,18,7.5,1007.4),(1978,12.9,18.5,7.9,1185.7),(1979,12.7,18.2,7.9,1420.6),(1980,11.3,16.6,6.6,1489.5),(1981,11.5,17,6.6,1301.7),(1982,12.5,18.2,7.5,1000.8),(1983,12.4,17.8,7.7,1210.3),(1984,11.8,17.4,7,1277),(1985,12.2,17.4,7.7,1695.6),(1986,11.6,17,6.9,1236),(1987,12.3,17.8,7.6,1532.6),(1988,12.1,17.7,7.2,895.3),(1989,12.8,18.2,8.1,1490.5),(1990,13.1,18.3,8.6,1604),(1991,12.2,17.7,7.5,1385.1),(1992,12.4,17.9,7.7,1127.6),(1993,11.8,17.2,7.1,1425.6),(1994,13.2,18.9,8.1,943),(1995,11.9,17.7,6.9,1107.7),(1996,12,17.6,7.1,1095.8),(1997,12.6,18.4,7.7,1366),(1998,13.4,18.7,8.9,1757.7),(1999,12.7,18.1,8,1712.4),(2000,12.4,17.9,7.6,1281.7),(2001,12.6,18.1,7.8,1055),(2002,12.5,17.8,7.8,1507.5),(2003,12.4,17.5,8,1868.5),(2004,13,18.7,8.2,1456.3),(2005,12.2,17.6,7.5,1286.9),(2006,12.7,18.1,8.2,1440.5),(2007,13.1,18.4,8.7,1466.3),(2008,12.8,18.3,8.2,1018),(2009,12.9,18.4,8.2,1243.4),(2010,12.6,17.8,8.1,1417.5),(2011,12.3,17.6,7.8,1632.6),(2012,12.3,17.5,7.8,1516.8),(2013,12.8,18.3,8.2,1164.3),(2014,13,18.5,8.3,1243.4),(2015,13.3,18.7,8.7,1015.7),(2016,13.6,18.8,9,1309.3),(2017,13,18.7,8.1,963.5),(2018,12.9,18.5,8.2,1451.6),(2019,13.4,19,8.6,1243.5),(2020,13.2,18.5,8.7,1626.6),(2021,13.6,19,8.9,1277.2),(2022,13.2,18.7,8.3,1129),(2023,13.9,19.3,9.1,1716.3);
/*!40000 ALTER TABLE `avg_annual_temp` ENABLE KEYS */;
UNLOCK TABLES;

--
-- Table structure for table `con_aging`
--

DROP TABLE IF EXISTS `con_aging`;
/*!40101 SET @saved_cs_client     = @@character_set_client */;
/*!50503 SET character_set_client = utf8mb4 */;
CREATE TABLE `con_aging` (
  `Year` int DEFAULT NULL,
  `농가수` int DEFAULT NULL,
  `총가구_중_비중` float DEFAULT NULL,
  `농가당_가구원_수` float DEFAULT NULL,
  `농가인구` int DEFAULT NULL,
  `총인구_중_비중` float DEFAULT NULL,
  `65세_이상_비중` float DEFAULT NULL
) ENGINE=InnoDB DEFAULT CHARSET=utf8mb4 COLLATE=utf8mb4_0900_ai_ci;
/*!40101 SET character_set_client = @saved_cs_client */;

--
-- Dumping data for table `con_aging`
--

LOCK TABLES `con_aging` WRITE;
/*!40000 ALTER TABLE `con_aging` DISABLE KEYS */;
INSERT INTO `con_aging` VALUES (2013,1142,6.2,2.5,2847,5.6,37.3),(2014,1121,6,2.5,2752,5.4,39.1),(2015,1089,5.6,2.4,2569,5,38.4),(2016,1068,5.4,2.3,2496,4.9,40.3),(2017,1042,5.2,2.3,2422,4.7,42.5),(2018,1021,5,2.3,2315,4.5,44.7),(2019,1007,4.8,2.2,2245,4.3,46.6),(2020,1035,4.8,2.2,2314,4.5,42.3),(2021,1031,4.7,2.2,2215,4.3,46.8),(2022,1023,4.7,2.1,2166,4.2,49.8);
/*!40000 ALTER TABLE `con_aging` ENABLE KEYS */;
UNLOCK TABLES;

--
-- Table structure for table `economy`
--

DROP TABLE IF EXISTS `economy`;
/*!40101 SET @saved_cs_client     = @@character_set_client */;
/*!50503 SET character_set_client = utf8mb4 */;
CREATE TABLE `economy` (
  `Economic Effect` text,
  `Y2020_Before_n25` double DEFAULT NULL,
  `Y2021_After_n25` double DEFAULT NULL,
  `Increase_21/20_y1` double DEFAULT NULL,
  `Y2020_y2_n91` double DEFAULT NULL,
  `Y2021_y2_n91` double DEFAULT NULL,
  `Increase_21/20_y2` double DEFAULT NULL,
  `Y2020_y3_n51` double DEFAULT NULL,
  `Y2021_y3_n51` double DEFAULT NULL,
  `Increase_21/20_y3` double DEFAULT NULL
) ENGINE=InnoDB DEFAULT CHARSET=utf8mb4 COLLATE=utf8mb4_0900_ai_ci;
/*!40101 SET character_set_client = @saved_cs_client */;

--
-- Dumping data for table `economy`
--

LOCK TABLES `economy` WRITE;
/*!40000 ALTER TABLE `economy` DISABLE KEYS */;
INSERT INTO `economy` VALUES ('NetProfitPerUnitArea(10k won/3.3㎡)',0.7316,1.0776,47.31,1.0562,1.209,14.47,0.8156,1.0452,28.15),('OutputArea(3.3㎡/n)',3636,3856,6.05,4815.38,4831.87,0.34,3176.33,3187.12,0.34),('NetProfit(10k won/n)',2659.92,4155.34,56.22,5085.96,5841.71,14.86,2590.67,3331.21,28.59);
/*!40000 ALTER TABLE `economy` ENABLE KEYS */;
UNLOCK TABLES;

--
-- Table structure for table `fruit_openfield`
--

DROP TABLE IF EXISTS `fruit_openfield`;
/*!40101 SET @saved_cs_client     = @@character_set_client */;
/*!50503 SET character_set_client = utf8mb4 */;
CREATE TABLE `fruit_openfield` (
  `시도별(1)` text,
  `종류별(1)` text,
  `year1990` text,
  `year1990.1` text,
  `year1991` text,
  `year1991.1` text,
  `year1992` text,
  `year1992.1` text,
  `year1993` text,
  `year1993.1` text,
  `year1994` text,
  `year1994.1` text,
  `year1995` text,
  `year1995.1` text,
  `year1996` text,
  `year1996.1` text,
  `year1997` text,
  `year1997.1` text,
  `year1998` text,
  `year1998.1` text,
  `year1999` text,
  `year1999.1` text,
  `year2000` text,
  `year2000.1` text,
  `year2001` text,
  `year2001.1` text,
  `year2002` text,
  `year2002.1` text,
  `year2003` text,
  `year2003.1` text,
  `year2004` text,
  `year2004.1` text,
  `year2005` text,
  `year2005.1` text,
  `year2006` text,
  `year2006.1` text,
  `year2007` text,
  `year2007.1` text,
  `year2008` text,
  `year2008.1` text,
  `year2009` text,
  `year2009.1` text,
  `year2010` text,
  `year2010.1` text,
  `year2011` text,
  `year2011.1` text,
  `year2012` text,
  `year2012.1` text,
  `year2013` text,
  `year2013.1` text,
  `year2014` text,
  `year2014.1` text,
  `year2015` text,
  `year2015.1` text,
  `year2016` text,
  `year2016.1` text,
  `year2017` text,
  `year2017.1` text,
  `year2018` text,
  `year2018.1` text,
  `year2019` text,
  `year2019.1` text,
  `year2020` text,
  `year2020.1` text,
  `year2021` text,
  `year2021.1` text,
  `year2022` text,
  `year2022.1` text,
  `year2023` text,
  `year2023.1` text
) ENGINE=InnoDB DEFAULT CHARSET=utf8mb4 COLLATE=utf8mb4_0900_ai_ci;
/*!40101 SET character_set_client = @saved_cs_client */;

--
-- Dumping data for table `fruit_openfield`
--

LOCK TABLES `fruit_openfield` WRITE;
/*!40000 ALTER TABLE `fruit_openfield` DISABLE KEYS */;
INSERT INTO `fruit_openfield` VALUES ('시도별(1)','종류별(1)','● 사과','● 배','● 사과','● 배','● 사과','● 배','● 사과','● 배','● 사과','● 배','● 사과','● 배','● 사과','● 배','● 사과','● 배','● 사과','● 배','● 사과','● 배','● 사과','● 배','● 사과','● 배','● 사과','● 배','● 사과','● 배','● 사과','● 배','● 사과','● 배','● 사과','● 배','● 사과','● 배','● 사과','● 배','● 사과','● 배','● 사과','● 배','● 사과','● 배','● 사과','● 배','● 사과','● 배','● 사과','● 배','● 사과','● 배','● 사과','● 배','● 사과','● 배','● 사과','● 배','● 사과','● 배','● 사과','● 배','● 사과','● 배','● 사과','● 배','● 사과','● 배'),('계','합계','48833','9058','50595','9495','52985','10339','52297','11009','52098','12649','50103','15752','43857','18243','39995','21983','34692','24612','31079','25677','29063','26142','26328','25459','26163','25317','26398','24025','26676','22906','26907','21735','28312','20656','29358','19888','30006','18277','30451','17090','30992','16239','31167','15081','30734','14353','30449','13740','30702','13127','31620','12664','33300','11164','33601','10861','33234','10303','32954','9615','31598','9091','34359','9675','34603','9680','33789','9607'),('서울특별시','합계','3','58','0','79','0','85','0','68','0','45','0','47','0','68','0','66','0','65','0','64','0','75','0','75','0','78','0','78','0','68','0','54','0','45','1','39','1','41','0','41','0','2','0','3','0','24','0','24','0','24','0','24','0','14','0','18','0','19','0','16','0','16','0','7','0','7','0','8'),('부산광역시','합계','0','35','0','27','0','12','0','12','0','9','0','63','0','41','0','26','0','16','0','17','0','15','0','25','0','26','0','24','0','22','0','23','0','68','0','65','0','47','1','64','3','59','3','23','3','22','3','11','1','18','1','12','6','44','3','39','5','29','7','27','7','26','10','19','11','22','12','25'),('대구광역시','합계','418','0','426','2','429','0','447','0','444','0','448','18','146','4','112','9','102','14','92','14','90','19','66','24','69','28','70','28','71','30','78','30','125','42','123','37','143','17','105','33','97','31','90','10','74','10','86','10','78','8','66','3','81','23','82','17','56','17','52','16','52','14','80','12','75','10','86','7'),('인천광역시','합계','16','11','1','10','0','12','0','10','0','14','5','52','14','71','14','72','14','94','1','87','1','93','1','117','0','126','0','131','4','123','14','149','1','230','3','233','2','184','8','261','26','258','19','238','18','221','12','205','23','179','24','164','8','157','4','132','16','121','18','118','21','126','13','58','15','53','17','48'),('광주광역시','합계','0','85','0','85','0','86','0','26','0','16','0','34','0','90','0','107','0','123','1','129','1','150','1','120','0','113','0','87','0','92','0','90','0','82','0','71','0','39','0','94','0','64','0','51','0','43','0','41','0','49','0','43','2','41','0','39','2','45','3','32','3','15','4','33','4','25','3','21'),('대전광역시','합계','130','228','115','235','109','252','109','305','91','326','58','322','47','221','47','266','36','278','34','286','33','288','30','308','32','290','19','288','13','306','15','261','26','275','21','244','29','223','21','187','12','127','2','94','4','75','4','67','5','67','4','73','20','137','13','138','12','133','6','134','11','97','21','88','21','71','19','58'),('울산광역시','합계','-','-','-','-','-','-','-','-','-','-','-','-','-','-','-','-','27','1421','23','1422','16','1383','13','1311','16','1353','16','1341','17','1315','18','1264','4','1239','6','1147','1','1027','3','907','1','840','1','783','2','656','2','648','3','595','4','567','19','555','27','422','32','361','29','327','27','293','14','443','18','417','25','427'),('세종특별자치시','합계','-','-','-','-','-','-','-','-','-','-','-','-','-','-','-','-','-','-','-','-','-','-','-','-','-','-','-','-','-','-','-','-','-','-','-','-','-','-','-','-','-','-','-','-','-','-','-','-','-','-','-','-','15','150','10','156','13','129','11','92','1','113','17','120','2','139','2','111'),('경기도','합계','2445','2557','2282','2497','2158','2625','2126','2616','1860','2788','1785','3043','1198','3318','941','3663','634','4082','517','4282','450','4369','381','4337','333','4314','351','4096','345','4044','312','3982','357','3530','339','3380','335','3343','309','3347','294','3026','299','2991','299','2911','283','2703','268','2577','330','2426','295','2248','310','2108','316','2018','341','1908','353','1921','524','1597','519','1530','478','1488'),('강원도','합계','593','192','617','237','552','269','483','282','461','261','464','289','536','375','497','462','427','544','335','575','289','641','262','644','225','614','168','562','159','539','144','516','125','333','114','300','184','264','199','237','216','218','321','161','434','164','516','132','522','137','721','134','831','159','930','190','947','182','1092','204','1124','140','1579','133','1630','137','1679','140'),('충청북도','합계','4977','288','5433','326','5565','347','5232','424','5210','527','5219','856','4755','1252','4455','1839','3911','1994','3490','2064','3420','2175','3254','2141','3301','2064','3417','1863','3523','1669','3784','1401','3996','1224','4200','1112','4193','943','4220','785','4252','712','4158','647','4016','575','3867','531','3877','526','3984','502','4087','412','4024','399','4056','405','3929','362','3645','315','3594','246','3703','232','3738','187'),('충청남도','합계','4932','1482','4949','1561','5061','1620','5044','1730','5087','2172','4727','3035','4040','3266','3687','3914','3450','4411','2902','4681','2613','4669','2228','4588','2093','4591','2007','4515','2000','4207','2053','3940','1448','3336','1455','3248','1441','2798','1495','2773','1632','2786','1648','2668','1562','2542','1408','2382','1358','2389','1283','2334','1600','2094','1574','2119','1437','2057','1436','2012','1297','1956','1534','2108','1564','1991','1448','2127'),('전라북도','합계','959','366','982','381','945','490','952','507','966','618','910','835','1223','870','1135','1144','1000','1235','915','1397','842','1402','762','1355','834','1321','900','1237','952','1122','933','1031','1148','929','1310','926','1614','760','1662','690','1763','722','1835','681','1869','645','1925','633','2078','617','2223','618','2360','681','2525','715','2643','648','2698','537','2449','532','2033','730','2317','819','2227','788'),('전라남도','합계','270','1657','234','1868','237','2110','249','2245','236','2650','200','3195','445','3261','395','3933','380','4498','294','4492','297','4531','240','4394','231','4453','282','4284','312','4061','276','3999','235','4460','243','4536','277','4622','321','4118','285','4079','292','3672','273','3638','300','3602','308','3457','289','3499','554','2499','533','2450','545','2330','557','2230','562','2143','208','2552','218','2729','240','2710'),('경상북도','합계','32721','662','34099','713','36355','952','36021','1291','35911','1637','34322','2223','28966','2902','26173','3743','22241','4324','20128','4573','18754','4638','16854','4359','16663','4258','16778','3858','16775','3772','16774','3515','18439','3018','19050','2793','19158','2432','19339','2197','19543','1995','19470','1849','19024','1789','18895','1748','18811','1536','19247','1422','20083','1309','20178','1287','19780','1223','19462','1165','18705','1081','20955','1106','20685','1005','20046','986'),('경상남도','합계','1369','1437','1457','1474','1574','1479','1634','1493','1832','1586','1965','1740','2487','2504','2539','2739','2470','1513','2347','1594','2257','1694','2236','1653','2366','1672','2390','1617','2505','1521','2506','1465','2408','1822','2493','1729','2628','1515','2767','1348','2868','1312','3029','1203','3156','1030','3148','996','3370','935','3444','835','3339','641','3387','633','3374','585','3313','435','3340','303','3774','423','3820','492','3768','475'),('제주도','합계','0','0','0','0','0','0','0','0','0','0','0','0','0','0','0','0','0','0','0','0','0','0','0','8','0','16','0','16','0','15','0','15','0','23','0','28','0','22','1','8','0','8','0','7','0','8','0','7','0','13','0','8','0','0','0','0','0','0','0','1','1','0','0','0','0','0','0','0');
/*!40000 ALTER TABLE `fruit_openfield` ENABLE KEYS */;
UNLOCK TABLES;

--
-- Table structure for table `fruit_price`
--

DROP TABLE IF EXISTS `fruit_price`;
/*!40101 SET @saved_cs_client     = @@character_set_client */;
/*!50503 SET character_set_client = utf8mb4 */;
CREATE TABLE `fruit_price` (
  `crop` varchar(16) DEFAULT NULL,
  `month` int DEFAULT NULL,
  `year` int DEFAULT NULL,
  `raise` int DEFAULT NULL
) ENGINE=InnoDB DEFAULT CHARSET=utf8mb4 COLLATE=utf8mb4_0900_ai_ci;
/*!40101 SET character_set_client = @saved_cs_client */;

--
-- Dumping data for table `fruit_price`
--

LOCK TABLES `fruit_price` WRITE;
/*!40000 ALTER TABLE `fruit_price` DISABLE KEYS */;
INSERT INTO `fruit_price` VALUES ('배',41379,26943,14436),('단감',21505,11902,9603),('사과',29259,22986,6273),('참다래',10263,9049,1214);
/*!40000 ALTER TABLE `fruit_price` ENABLE KEYS */;
UNLOCK TABLES;

--
-- Table structure for table `korea_price_pct`
--

DROP TABLE IF EXISTS `korea_price_pct`;
/*!40101 SET @saved_cs_client     = @@character_set_client */;
/*!50503 SET character_set_client = utf8mb4 */;
CREATE TABLE `korea_price_pct` (
  `product` varchar(16) DEFAULT NULL,
  `year_2023_4` float DEFAULT NULL,
  `year_2023_3` float DEFAULT NULL,
  `year_2023_2` float DEFAULT NULL,
  `year_2023_1` float DEFAULT NULL
) ENGINE=InnoDB DEFAULT CHARSET=utf8mb4 COLLATE=utf8mb4_0900_ai_ci;
/*!40101 SET character_set_client = @saved_cs_client */;

--
-- Dumping data for table `korea_price_pct`
--

LOCK TABLES `korea_price_pct` WRITE;
/*!40000 ALTER TABLE `korea_price_pct` DISABLE KEYS */;
INSERT INTO `korea_price_pct` VALUES ('　　　　　　파',36.5,-1.9,12.1,27.1),('　　　　　　사과',62.1,37.1,5.4,-6.3),('　　　　　　양파',-5.6,3.2,34,40.7),('　　　　　　배',23.1,-9.2,-21.1,-20),('　　　　　　고구마',13,17.5,4.1,-1.9),('　　　　　　복숭아',44.3,22.2,-7,-10),('　　　　　　마늘',-12,-12.3,-4.6,2.4),('　　　　　　수박',34.1,17.7,-3.9,-10),('　　　　　　시금치',10,-4.3,-4.4,-10.2),('　　　　　　감자',-6,-3.8,6.1,11.3),('　　　　　　감',23.1,-16.9,-17.6,-18.4),('　　　　　　망고',-1.5,-5.4,2.8,6),('　　　　　　참외',22.6,13.2,5.7,3.7),('　　　　　　콩',0.3,-4.1,-5.8,-9.3),('　　　　　　밤',6.7,15.8,9.6,4.7),('　　　　　　쌀',13.3,7.5,-4.4,-8.4),('　　　　　　체리',-8.6,-26.1,-6.6,2),('　　　　　　귤',17.4,30.6,13.7,14.3),('　　　　　　키위',17.4,5.1,-3.2,4.3),('　　　　　　미나리',5,-2.6,2.4,13.7),('　　　　　　포도',16.3,3.3,-13.5,-5.6),('　　　　　　고사리',-0.6,0.6,1.5,3.5),('　　　　　　가지',5.7,-9.6,5.2,6),('　　　　　　깻잎',4.8,6.1,0.8,9.1),('　　　　　　딸기',30.6,23.1,6.2,-7.6),('　　　　　　상추',27.7,-4.3,3.3,22.6),('　　　　　　오이',24.4,-8.4,14.2,28.2),('　　　　　　파인애플',14.8,11.4,8.6,11),('　　　　　　파프리카',9.7,-1.6,11.2,13),('　　　　　　참깨',3.8,11,12,13.3),('　　　　　　토마토',32.6,20.7,4.2,-11),('　　　　　　브로콜리',11,12.3,18.1,-13.1),('　　　　　　양배추',8.3,6.7,-4.1,16.2),('　　　　　　아보카도',6,-2.3,-18.6,-2.4),('　　　　　　배추',3.4,-26.2,-6.7,-20.2),('　　　　　　당근',10.4,30.2,32.3,52.5),('　　　　　　열무',0.8,-9.3,-17.5,-11.7),('　　　　　　무',-27.1,-20.7,9.5,12.7);
/*!40000 ALTER TABLE `korea_price_pct` ENABLE KEYS */;
UNLOCK TABLES;

--
-- Table structure for table `openfield_apple`
--

DROP TABLE IF EXISTS `openfield_apple`;
/*!40101 SET @saved_cs_client     = @@character_set_client */;
/*!50503 SET character_set_client = utf8mb4 */;
CREATE TABLE `openfield_apple` (
  `강원도` double DEFAULT NULL,
  `경기도` double DEFAULT NULL,
  `경상남도` double DEFAULT NULL,
  `경상북도` double DEFAULT NULL,
  `계` double DEFAULT NULL,
  `광주광역시` double DEFAULT NULL,
  `대구광역시` double DEFAULT NULL,
  `대전광역시` double DEFAULT NULL,
  `부산광역시` double DEFAULT NULL,
  `서울특별시` double DEFAULT NULL,
  `세종특별자치시` double DEFAULT NULL,
  `울산광역시` double DEFAULT NULL,
  `인천광역시` double DEFAULT NULL,
  `전라남도` double DEFAULT NULL,
  `전라북도` double DEFAULT NULL,
  `제주도` double DEFAULT NULL,
  `충청남도` double DEFAULT NULL,
  `충청북도` double DEFAULT NULL,
  `수도권` double DEFAULT NULL,
  `강원권` double DEFAULT NULL,
  `충청권` double DEFAULT NULL,
  `호남권` double DEFAULT NULL,
  `경상권` double DEFAULT NULL
) ENGINE=InnoDB DEFAULT CHARSET=utf8mb4 COLLATE=utf8mb4_0900_ai_ci;
/*!40101 SET character_set_client = @saved_cs_client */;

--
-- Dumping data for table `openfield_apple`
--

LOCK TABLES `openfield_apple` WRITE;
/*!40000 ALTER TABLE `openfield_apple` DISABLE KEYS */;
INSERT INTO `openfield_apple` VALUES (593,2445,1369,32721,48833,0,418,130,0,3,0,0,16,270,959,0,4932,4977,2464,593,10039,1229,34508),(617,2282,1457,34099,50595,0,426,115,0,0,0,0,1,234,982,0,4949,5433,2283,617,10497,1216,35982),(552,2158,1574,36355,52985,0,429,109,0,0,0,0,0,237,945,0,5061,5565,2158,552,10735,1182,38358),(483,2126,1634,36021,52297,0,447,109,0,0,0,0,0,249,952,0,5044,5232,2126,483,10385,1201,38102),(461,1860,1832,35911,52098,0,444,91,0,0,0,0,0,236,966,0,5087,5210,1860,461,10388,1202,38187),(464,1785,1965,34322,50103,0,448,58,0,0,0,0,5,200,910,0,4727,5219,1790,464,10004,1110,36735),(536,1198,2487,28966,43857,0,146,47,0,0,0,0,14,445,1223,0,4040,4755,1212,536,8842,1668,31599),(497,941,2539,26173,39995,0,112,47,0,0,0,0,14,395,1135,0,3687,4455,955,497,8189,1530,28824),(427,634,2470,22241,34692,0,102,36,0,0,0,27,14,380,1000,0,3450,3911,648,427,7397,1380,24840),(335,517,2347,20128,31079,1,92,34,0,0,0,23,1,294,915,0,2902,3490,518,335,6426,1210,22590),(289,450,2257,18754,29063,1,90,33,0,0,0,16,1,297,842,0,2613,3420,451,289,6066,1140,21117),(262,381,2236,16854,26328,1,66,30,0,0,0,13,1,240,762,0,2228,3254,382,262,5512,1003,19169),(225,333,2366,16663,26163,0,69,32,0,0,0,16,0,231,834,0,2093,3301,333,225,5426,1065,19114),(168,351,2390,16778,26398,0,70,19,0,0,0,16,0,282,900,0,2007,3417,351,168,5443,1182,19254),(159,345,2505,16775,26676,0,71,13,0,0,0,17,4,312,952,0,2000,3523,349,159,5536,1264,19368),(144,312,2506,16774,26907,0,78,15,0,0,0,18,14,276,933,0,2053,3784,326,144,5852,1209,19376),(125,357,2408,18439,28312,0,125,26,0,0,0,4,1,235,1148,0,1448,3996,358,125,5470,1383,20976),(114,339,2493,19050,29358,0,123,21,0,1,0,6,3,243,1310,0,1455,4200,343,114,5676,1553,21672),(184,335,2628,19158,30006,0,143,29,0,1,0,1,2,277,1614,0,1441,4193,338,184,5663,1891,21930),(199,309,2767,19339,30451,0,105,21,1,0,0,3,8,321,1662,1,1495,4220,317,199,5736,1983,22215),(216,294,2868,19543,30992,0,97,12,3,0,0,1,26,285,1763,0,1632,4252,320,216,5896,2048,22512),(321,299,3029,19470,31167,0,90,2,3,0,0,1,19,292,1835,0,1648,4158,318,321,5808,2127,22593),(434,299,3156,19024,30734,0,74,4,3,0,0,2,18,273,1869,0,1562,4016,317,434,5582,2142,22259),(516,283,3148,18895,30449,0,86,4,3,0,0,2,12,300,1925,0,1408,3867,295,516,5279,2225,22134),(522,268,3370,18811,30702,0,78,5,1,0,0,3,23,308,2078,0,1358,3877,291,522,5240,2386,22263),(721,330,3444,19247,31620,0,66,4,1,0,0,4,24,289,2223,0,1283,3984,354,721,5271,2512,22762),(831,295,3339,20083,33300,2,81,20,6,0,15,19,8,554,2360,0,1600,4087,303,831,5722,2916,23528),(930,310,3387,20178,33601,0,82,13,3,0,10,27,4,533,2525,0,1574,4024,314,930,5621,3058,23677),(947,316,3374,19780,33234,2,56,12,5,0,13,32,16,545,2643,0,1437,4056,332,947,5518,3190,23247),(1092,341,3313,19462,32954,3,52,6,7,0,11,29,18,557,2698,0,1436,3929,359,1092,5382,3258,22863),(1124,353,3340,18705,31598,3,52,11,7,0,1,27,21,562,2449,1,1297,3645,374,1124,4954,3014,22131),(1579,524,3774,20955,34359,4,80,21,10,0,17,14,13,208,2033,0,1534,3594,537,1579,5166,2245,24833),(1630,519,3820,20685,34603,4,75,21,11,0,2,18,15,218,2317,0,1564,3703,534,1630,5290,2539,24609),(1679,478,3768,20046,33789,3,86,19,12,0,2,25,17,240,2227,0,1448,3738,495,1679,5207,2470,23937);
/*!40000 ALTER TABLE `openfield_apple` ENABLE KEYS */;
UNLOCK TABLES;

--
-- Table structure for table `openfield_fruits`
--

DROP TABLE IF EXISTS `openfield_fruits`;
/*!40101 SET @saved_cs_client     = @@character_set_client */;
/*!50503 SET character_set_client = utf8mb4 */;
CREATE TABLE `openfield_fruits` (
  `시도별(1)` text,
  `종류별(1)` text,
  `year1990` text,
  `year1990.1` text,
  `year1991` text,
  `year1991.1` text,
  `year1992` text,
  `year1992.1` text,
  `year1993` text,
  `year1993.1` text,
  `year1994` text,
  `year1994.1` text,
  `year1995` text,
  `year1995.1` text,
  `year1996` text,
  `year1996.1` text,
  `year1997` text,
  `year1997.1` text,
  `year1998` text,
  `year1998.1` text,
  `year1999` text,
  `year1999.1` text,
  `year2000` text,
  `year2000.1` text,
  `year2001` text,
  `year2001.1` text,
  `year2002` text,
  `year2002.1` text,
  `year2003` text,
  `year2003.1` text,
  `year2004` text,
  `year2004.1` text,
  `year2005` text,
  `year2005.1` text,
  `year2006` text,
  `year2006.1` text,
  `year2007` text,
  `year2007.1` text,
  `year2008` text,
  `year2008.1` text,
  `year2009` text,
  `year2009.1` text,
  `year2010` text,
  `year2010.1` text,
  `year2011` text,
  `year2011.1` text,
  `year2012` text,
  `year2012.1` text,
  `year2013` text,
  `year2013.1` text,
  `year2014` text,
  `year2014.1` text,
  `year2015` text,
  `year2015.1` text,
  `year2016` text,
  `year2016.1` text,
  `year2017` text,
  `year2017.1` text,
  `year2018` text,
  `year2018.1` text,
  `year2019` text,
  `year2019.1` text,
  `year2020` text,
  `year2020.1` text,
  `year2021` text,
  `year2021.1` text,
  `year2022` text,
  `year2022.1` text,
  `year2023` text,
  `year2023.1` text
) ENGINE=InnoDB DEFAULT CHARSET=utf8mb4 COLLATE=utf8mb4_0900_ai_ci;
/*!40101 SET character_set_client = @saved_cs_client */;

--
-- Dumping data for table `openfield_fruits`
--

LOCK TABLES `openfield_fruits` WRITE;
/*!40000 ALTER TABLE `openfield_fruits` DISABLE KEYS */;
INSERT INTO `openfield_fruits` VALUES ('시도별(1)','종류별(1)','● 사과','● 배','● 사과','● 배','● 사과','● 배','● 사과','● 배','● 사과','● 배','● 사과','● 배','● 사과','● 배','● 사과','● 배','● 사과','● 배','● 사과','● 배','● 사과','● 배','● 사과','● 배','● 사과','● 배','● 사과','● 배','● 사과','● 배','● 사과','● 배','● 사과','● 배','● 사과','● 배','● 사과','● 배','● 사과','● 배','● 사과','● 배','● 사과','● 배','● 사과','● 배','● 사과','● 배','● 사과','● 배','● 사과','● 배','● 사과','● 배','● 사과','● 배','● 사과','● 배','● 사과','● 배','● 사과','● 배','● 사과','● 배','● 사과','● 배','● 사과','● 배'),('계','합계','48833','9058','50595','9495','52985','10339','52297','11009','52098','12649','50103','15752','43857','18243','39995','21983','34692','24612','31079','25677','29063','26142','26328','25459','26163','25317','26398','24025','26676','22906','26907','21735','28312','20656','29358','19888','30006','18277','30451','17090','30992','16239','31167','15081','30734','14353','30449','13740','30702','13127','31620','12664','33300','11164','33601','10861','33234','10303','32954','9615','31598','9091','34359','9675','34603','9680','33789','9607'),('서울특별시','합계','3','58','0','79','0','85','0','68','0','45','0','47','0','68','0','66','0','65','0','64','0','75','0','75','0','78','0','78','0','68','0','54','0','45','1','39','1','41','0','41','0','2','0','3','0','24','0','24','0','24','0','24','0','14','0','18','0','19','0','16','0','16','0','7','0','7','0','8'),('부산광역시','합계','0','35','0','27','0','12','0','12','0','9','0','63','0','41','0','26','0','16','0','17','0','15','0','25','0','26','0','24','0','22','0','23','0','68','0','65','0','47','1','64','3','59','3','23','3','22','3','11','1','18','1','12','6','44','3','39','5','29','7','27','7','26','10','19','11','22','12','25'),('대구광역시','합계','418','0','426','2','429','0','447','0','444','0','448','18','146','4','112','9','102','14','92','14','90','19','66','24','69','28','70','28','71','30','78','30','125','42','123','37','143','17','105','33','97','31','90','10','74','10','86','10','78','8','66','3','81','23','82','17','56','17','52','16','52','14','80','12','75','10','86','7'),('인천광역시','합계','16','11','1','10','0','12','0','10','0','14','5','52','14','71','14','72','14','94','1','87','1','93','1','117','0','126','0','131','4','123','14','149','1','230','3','233','2','184','8','261','26','258','19','238','18','221','12','205','23','179','24','164','8','157','4','132','16','121','18','118','21','126','13','58','15','53','17','48'),('광주광역시','합계','0','85','0','85','0','86','0','26','0','16','0','34','0','90','0','107','0','123','1','129','1','150','1','120','0','113','0','87','0','92','0','90','0','82','0','71','0','39','0','94','0','64','0','51','0','43','0','41','0','49','0','43','2','41','0','39','2','45','3','32','3','15','4','33','4','25','3','21'),('대전광역시','합계','130','228','115','235','109','252','109','305','91','326','58','322','47','221','47','266','36','278','34','286','33','288','30','308','32','290','19','288','13','306','15','261','26','275','21','244','29','223','21','187','12','127','2','94','4','75','4','67','5','67','4','73','20','137','13','138','12','133','6','134','11','97','21','88','21','71','19','58'),('울산광역시','합계','-','-','-','-','-','-','-','-','-','-','-','-','-','-','-','-','27','1421','23','1422','16','1383','13','1311','16','1353','16','1341','17','1315','18','1264','4','1239','6','1147','1','1027','3','907','1','840','1','783','2','656','2','648','3','595','4','567','19','555','27','422','32','361','29','327','27','293','14','443','18','417','25','427'),('세종특별자치시','합계','-','-','-','-','-','-','-','-','-','-','-','-','-','-','-','-','-','-','-','-','-','-','-','-','-','-','-','-','-','-','-','-','-','-','-','-','-','-','-','-','-','-','-','-','-','-','-','-','-','-','-','-','15','150','10','156','13','129','11','92','1','113','17','120','2','139','2','111'),('경기도','합계','2445','2557','2282','2497','2158','2625','2126','2616','1860','2788','1785','3043','1198','3318','941','3663','634','4082','517','4282','450','4369','381','4337','333','4314','351','4096','345','4044','312','3982','357','3530','339','3380','335','3343','309','3347','294','3026','299','2991','299','2911','283','2703','268','2577','330','2426','295','2248','310','2108','316','2018','341','1908','353','1921','524','1597','519','1530','478','1488'),('강원도','합계','593','192','617','237','552','269','483','282','461','261','464','289','536','375','497','462','427','544','335','575','289','641','262','644','225','614','168','562','159','539','144','516','125','333','114','300','184','264','199','237','216','218','321','161','434','164','516','132','522','137','721','134','831','159','930','190','947','182','1092','204','1124','140','1579','133','1630','137','1679','140'),('충청북도','합계','4977','288','5433','326','5565','347','5232','424','5210','527','5219','856','4755','1252','4455','1839','3911','1994','3490','2064','3420','2175','3254','2141','3301','2064','3417','1863','3523','1669','3784','1401','3996','1224','4200','1112','4193','943','4220','785','4252','712','4158','647','4016','575','3867','531','3877','526','3984','502','4087','412','4024','399','4056','405','3929','362','3645','315','3594','246','3703','232','3738','187'),('충청남도','합계','4932','1482','4949','1561','5061','1620','5044','1730','5087','2172','4727','3035','4040','3266','3687','3914','3450','4411','2902','4681','2613','4669','2228','4588','2093','4591','2007','4515','2000','4207','2053','3940','1448','3336','1455','3248','1441','2798','1495','2773','1632','2786','1648','2668','1562','2542','1408','2382','1358','2389','1283','2334','1600','2094','1574','2119','1437','2057','1436','2012','1297','1956','1534','2108','1564','1991','1448','2127'),('전라북도','합계','959','366','982','381','945','490','952','507','966','618','910','835','1223','870','1135','1144','1000','1235','915','1397','842','1402','762','1355','834','1321','900','1237','952','1122','933','1031','1148','929','1310','926','1614','760','1662','690','1763','722','1835','681','1869','645','1925','633','2078','617','2223','618','2360','681','2525','715','2643','648','2698','537','2449','532','2033','730','2317','819','2227','788'),('전라남도','합계','270','1657','234','1868','237','2110','249','2245','236','2650','200','3195','445','3261','395','3933','380','4498','294','4492','297','4531','240','4394','231','4453','282','4284','312','4061','276','3999','235','4460','243','4536','277','4622','321','4118','285','4079','292','3672','273','3638','300','3602','308','3457','289','3499','554','2499','533','2450','545','2330','557','2230','562','2143','208','2552','218','2729','240','2710'),('경상북도','합계','32721','662','34099','713','36355','952','36021','1291','35911','1637','34322','2223','28966','2902','26173','3743','22241','4324','20128','4573','18754','4638','16854','4359','16663','4258','16778','3858','16775','3772','16774','3515','18439','3018','19050','2793','19158','2432','19339','2197','19543','1995','19470','1849','19024','1789','18895','1748','18811','1536','19247','1422','20083','1309','20178','1287','19780','1223','19462','1165','18705','1081','20955','1106','20685','1005','20046','986'),('경상남도','합계','1369','1437','1457','1474','1574','1479','1634','1493','1832','1586','1965','1740','2487','2504','2539','2739','2470','1513','2347','1594','2257','1694','2236','1653','2366','1672','2390','1617','2505','1521','2506','1465','2408','1822','2493','1729','2628','1515','2767','1348','2868','1312','3029','1203','3156','1030','3148','996','3370','935','3444','835','3339','641','3387','633','3374','585','3313','435','3340','303','3774','423','3820','492','3768','475'),('제주도','합계','0','0','0','0','0','0','0','0','0','0','0','0','0','0','0','0','0','0','0','0','0','0','0','8','0','16','0','16','0','15','0','15','0','23','0','28','0','22','1','8','0','8','0','7','0','8','0','7','0','13','0','8','0','0','0','0','0','0','0','1','1','0','0','0','0','0','0','0');
/*!40000 ALTER TABLE `openfield_fruits` ENABLE KEYS */;
UNLOCK TABLES;

--
-- Table structure for table `openfield_vege`
--

DROP TABLE IF EXISTS `openfield_vege`;
/*!40101 SET @saved_cs_client     = @@character_set_client */;
/*!50503 SET character_set_client = utf8mb4 */;
CREATE TABLE `openfield_vege` (
  `시도별(1)` text,
  `year1990` text,
  `year1991` text,
  `year1992` text,
  `year1993` text,
  `year1994` text,
  `year1995` text,
  `year1996` text,
  `year1997` text,
  `year1998` text,
  `year1999` text,
  `year2000` text,
  `year2001` text,
  `year2002` text,
  `year2003` text,
  `year2004` text,
  `year2005` text,
  `year2006` text,
  `year2007` text,
  `year2008` text,
  `year2009` text,
  `year2010` text,
  `year2011` text,
  `year2012` text,
  `year2013` text,
  `year2014` text,
  `year2015` text,
  `year2016` text,
  `year2017` text,
  `year2018` text,
  `year2019` text,
  `year2020` text,
  `year2021` text,
  `year2022` text,
  `year2023` text
) ENGINE=InnoDB DEFAULT CHARSET=utf8mb4 COLLATE=utf8mb4_0900_ai_ci;
/*!40101 SET character_set_client = @saved_cs_client */;

--
-- Dumping data for table `openfield_vege`
--

LOCK TABLES `openfield_vege` WRITE;
/*!40000 ALTER TABLE `openfield_vege` DISABLE KEYS */;
INSERT INTO `openfield_vege` VALUES ('시도별(1)','양파','양파','양파','양파','양파','양파','양파','양파','양파','양파','양파','양파','양파','양파','양파','양파','양파','양파','양파','양파','양파','양파','양파','양파','양파','양파','양파','양파','양파','양파','양파','양파','양파','양파'),('계','7602','10288','14066','9716','9674','15817','9661','12539','14806','16131','16773','18995','15314','12352','15563','16737','15315','17751','15392','18514','22113','22976','20965','20036','23911','18015','19896','19538','26425','21777','14673','18461','17661','17282'),('서울특별시','0','0','0','0','0','2','0','0','0','0','0','0','0','0','0','0','0','0','0','0','0','0','0','0','-','0','0','0','0','0','0','1','1','1'),('부산광역시','96','118','127','31','23','30','3','19','10','6','8','6','5','3','6','5','6','16','5','12','16','6','13','23','16','17','21','10','31','16','13','26','19','16'),('대구광역시','21','0','2','1','0','216','118','100','106','99','87','102','112','141','186','233','84','76','99','156','147','137','129','81','120','63','217','236','263','311','356','332','360','332'),('인천광역시','0','0','0','1','0','9','11','12','10','12','18','11','16','7','15','26','22','27','16','17','24','25','35','25','33','25','35','32','35','52','24','27','19','17'),('광주광역시','0','0','3','0','1','2','0','0','1','5','3','4','17','3','15','29','26','23','66','45','76','167','126','58','83','93','43','48','65','33','34','42','97','71'),('대전광역시','0','0','0','0','0','3','1','1','0','0','2','1','0','0','0','1','1','1','2','3','2','4','3','3','4','1','2','5','5','4','2','13','9','9'),('울산광역시','-','-','-','-','-','-','-','-','20','17','17','20','12','13','18','32','35','32','47','38','46','55','46','37','62','36','19','18','65','52','28','31','34','45'),('세종특별자치시','-','-','-','-','-','-','-','-','-','-','-','-','-','-','-','-','-','-','-','-','-','-','-','-','-','-','3','2','3','4','5','1','20','13'),('경기도','0','1','5','1','2','10','10','17','34','27','37','45','29','17','30','63','21','51','39','33','41','74','158','90','217','177','217','280','509','493','345','276','369','435'),('강원도','1','3','5','1','3','5','54','123','209','319','372','218','69','74','89','78','10','39','11','33','53','22','30','37','59','46','16','33','60','102','76','131','62','99'),('충청북도','0','0','1','0','0','0','5','0','6','26','45','30','38','29','73','85','48','43','70','58','89','56','102','114','81','117','65','85','88','155','68','106','95','74'),('충청남도','85','149','268','127','146','409','130','189','217','299','243','264','218','203','254','291','159','312','294','362','390','467','615','448','724','430','453','785','1233','944','693','923','828','836'),('전라북도','120','298','373','203','214','474','225','249','393','459','487','502','497','343','505','736','565','708','996','961','1302','1306','1361','1393','1654','1352','912','1632','2646','2373','1142','1687','1578','1751'),('전라남도','3364','4481','5977','4667','4635','7774','4556','6166','7300','7164','8072','9353','7435','6658','9010','8653','8571','9731','8165','10152','11754','12166','10715','10124','12080','9171','9521','9230','11327','8467','5743','6775','6676','6079'),('경상북도','1839','2259','3246','2039','1825','2750','1828','2238','2686','3410','3215','3401','2924','1835','2268','2688','2152','2460','1978','2368','2695','2397','2370','2373','2602','2080','2057','2087','3369','3309','2365','3159','2771','2986'),('경상남도','1838','2524','3334','2290','2370','3334','2150','2328','2792','3339','3374','3811','3094','2161','2243','3042','2706','2913','2812','3239','4282','4842','4493','4609','5294','3766','4749','3938','5471','4330','2825','4023','3777','3482'),('제주도','238','455','725','355','455','799','570','1097','1022','949','793','1227','848','865','851','775','909','1319','792','1037','1196','1252','769','621','882','641','1566','1116','1254','1130','955','906','946','1035');
/*!40000 ALTER TABLE `openfield_vege` ENABLE KEYS */;
UNLOCK TABLES;

--
-- Table structure for table `pop_aging_rate`
--

DROP TABLE IF EXISTS `pop_aging_rate`;
/*!40101 SET @saved_cs_client     = @@character_set_client */;
/*!50503 SET character_set_client = utf8mb4 */;
CREATE TABLE `pop_aging_rate` (
  `Year` int DEFAULT NULL,
  `전국` float DEFAULT NULL,
  `서울특별시` float DEFAULT NULL,
  `부산광역시` float DEFAULT NULL,
  `대구광역시` float DEFAULT NULL,
  `인천광역시` float DEFAULT NULL,
  `광주광역시` float DEFAULT NULL,
  `대전광역시` float DEFAULT NULL,
  `울산광역시` float DEFAULT NULL,
  `세종특별자치시` float DEFAULT NULL,
  `경기도` float DEFAULT NULL,
  `강원특별자치도` float DEFAULT NULL,
  `충청북도` float DEFAULT NULL,
  `충청남도` float DEFAULT NULL,
  `전라북도` float DEFAULT NULL,
  `전라남도` float DEFAULT NULL,
  `경상북도` float DEFAULT NULL,
  `경상남도` float DEFAULT NULL,
  `제주특별자치도` float DEFAULT NULL
) ENGINE=InnoDB DEFAULT CHARSET=utf8mb4 COLLATE=utf8mb4_0900_ai_ci;
/*!40101 SET character_set_client = @saved_cs_client */;

--
-- Dumping data for table `pop_aging_rate`
--

LOCK TABLES `pop_aging_rate` WRITE;
/*!40000 ALTER TABLE `pop_aging_rate` DISABLE KEYS */;
INSERT INTO `pop_aging_rate` VALUES (2000,7,5.4,6,5.9,5.4,5.6,5.5,4,0,5.7,9.3,9.1,11.2,10.3,11.9,10.7,8.4,8),(2001,7.4,5.7,6.4,6.2,5.7,5.8,5.7,4.2,0,5.9,9.8,9.5,11.8,10.7,12.6,11.2,8.8,8.3),(2002,7.7,6,6.8,6.6,5.9,6.1,6,4.4,0,6.2,10.3,10,12.3,11.3,13.3,11.7,9.1,8.7),(2003,8.1,6.4,7.3,6.9,6.3,6.4,6.3,4.7,0,6.5,10.9,10.4,12.8,11.8,14.1,12.3,9.5,9.2),(2004,8.5,6.8,7.8,7.4,6.6,6.8,6.6,5,0,6.8,11.5,10.9,13.1,12.5,14.9,12.9,9.9,9.6),(2005,8.9,7.2,8.3,7.8,6.9,7.1,6.9,5.3,0,7.1,12.1,11.3,13.3,12.9,15.6,13.4,10.2,10),(2006,9.3,7.7,8.9,8.3,7.2,7.5,7.2,5.6,0,7.4,12.8,11.8,13.7,13.5,16.3,13.8,10.7,10.5),(2007,9.9,8.3,9.6,8.9,7.7,8.1,7.7,6,0,7.8,13.4,12.4,14.3,14.3,17.2,14.6,11.1,11),(2008,10.2,8.7,10.2,9.3,8,8.3,8.1,6.3,0,8.1,13.9,12.7,14.5,14.7,17.6,15.1,11.4,11.5),(2009,10.6,9.2,10.8,9.7,8.3,8.7,8.4,6.6,0,8.4,14.4,13,14.8,15,18,15.4,11.6,11.9),(2010,10.9,9.7,11.3,10,8.6,9,8.7,6.8,0,8.7,14.8,13.2,14.9,15.2,18.3,15.6,11.8,12.2),(2011,11.2,10.2,11.8,10.4,8.9,9.3,9,7.1,0,9,15.2,13.4,15,15.6,18.6,15.7,12.1,12.6),(2012,11.7,10.8,12.5,10.9,9.4,9.9,9.4,7.5,15.2,9.4,15.7,13.7,15.3,16.2,19.2,16.2,12.5,13),(2013,12.2,11.5,13.3,11.6,9.8,10.3,9.8,7.9,14.7,9.8,16.2,14.1,15.6,16.7,19.6,16.8,12.9,13.4),(2014,12.7,12,14,12.2,10.3,10.8,10.3,8.3,12.7,10.2,16.6,14.5,16,17.2,20.1,17.3,13.4,13.6),(2015,13.1,12.6,14.6,12.7,10.7,11.3,10.9,8.8,10.6,10.5,16.9,14.8,16.4,17.8,20.5,17.7,13.8,13.8),(2016,13.5,13,15.3,13.2,11,11.7,11.3,9.3,10,10.8,17.2,15.1,16.7,18.3,21,18.2,14.2,13.9),(2017,14.2,13.8,16.3,14,11.7,12.4,12,10,9.6,11.4,18.1,15.8,17.1,18.9,21.5,19,14.9,14.2),(2018,14.8,14.4,17.1,14.7,12.3,12.8,12.7,10.7,9.3,11.9,18.8,16.4,17.5,19.5,21.9,19.8,15.5,14.4),(2019,15.5,15.2,18.2,15.6,13,13.4,13.5,11.5,9.4,12.5,19.6,17.1,18.2,20.4,22.6,20.6,16.3,15),(2020,16.4,16.1,19.4,16.6,14,14.2,14.4,12.6,9.8,13.2,20.7,18,19.1,21.4,23.5,21.7,17.4,15.7),(2021,17.1,16.8,20.4,17.5,14.8,14.8,15.2,13.6,10.1,13.9,21.7,18.9,19.8,22.3,24.3,22.7,18.4,16.3),(2022,18,17.6,21.5,18.4,15.6,15.6,16.1,14.7,10.5,14.7,22.8,19.9,20.6,23.2,25.2,23.8,19.5,17.1),(2023,19,18.5,22.6,19.6,16.6,16.5,17,15.9,11,15.6,24,20.8,21.3,24.1,26.1,24.7,20.6,17.9);
/*!40000 ALTER TABLE `pop_aging_rate` ENABLE KEYS */;
UNLOCK TABLES;

--
-- Table structure for table `pop_contry`
--

DROP TABLE IF EXISTS `pop_contry`;
/*!40101 SET @saved_cs_client     = @@character_set_client */;
/*!50503 SET character_set_client = utf8mb4 */;
CREATE TABLE `pop_contry` (
  `Year` int DEFAULT NULL,
  `전국` float DEFAULT NULL,
  `서울특별시` float DEFAULT NULL,
  `부산광역시` float DEFAULT NULL,
  `대구광역시` float DEFAULT NULL,
  `인천광역시` float DEFAULT NULL,
  `광주광역시` float DEFAULT NULL,
  `대전광역시` float DEFAULT NULL,
  `울산광역시` float DEFAULT NULL,
  `세종특별자치시` float DEFAULT NULL,
  `경기도` float DEFAULT NULL,
  `강원특별자치도` float DEFAULT NULL,
  `충청북도` float DEFAULT NULL,
  `충청남도` float DEFAULT NULL,
  `전라북도` float DEFAULT NULL,
  `전라남도` float DEFAULT NULL,
  `경상북도` float DEFAULT NULL,
  `경상남도` float DEFAULT NULL,
  `제주특별자치도` float DEFAULT NULL
) ENGINE=InnoDB DEFAULT CHARSET=utf8mb4 COLLATE=utf8mb4_0900_ai_ci;
/*!40101 SET character_set_client = @saved_cs_client */;

--
-- Dumping data for table `pop_contry`
--

LOCK TABLES `pop_contry` WRITE;
/*!40000 ALTER TABLE `pop_contry` DISABLE KEYS */;
INSERT INTO `pop_contry` VALUES (2011,2962110,11768,23565,50876,36196,35232,29332,33154,0,412351,183273,207174,378094,259552,379767,471076,336641,114062),(2012,2911540,9927,22859,51514,34760,32903,28760,32523,0,407109,180144,202735,367944,263112,370614,465408,327931,113298),(2013,2847440,9164,20486,50618,32368,32231,28816,32114,0,390378,177227,197410,356158,258880,370954,458791,320095,111745),(2014,2751790,8689,19935,49187,32089,32062,27590,29687,15312,374872,172026,187752,328993,250581,355601,446920,310985,109510),(2015,2569390,11555,20944,44542,32454,30746,25569,31228,16335,350200,175567,178248,308455,227431,318848,410141,293720,93404),(2016,2496410,9599,20554,43743,31226,29800,24525,31278,14982,324562,171363,180565,296801,224661,321395,402247,280720,88385),(2017,2422260,9374,19133,42395,29991,26761,23272,30577,14821,316573,160871,173436,288800,214548,315035,395275,274930,86463),(2018,2314980,8605,17400,39903,27642,25347,21985,28859,14268,296350,154098,164387,276426,208600,306365,376562,265433,82751),(2019,2244780,7586,16578,39239,27096,24101,20697,27208,13587,282343,148545,162083,263124,204124,297890,368693,258754,83133),(2020,2314060,21897,28529,60630,31828,39873,32804,36806,17063,308677,151326,147904,266509,199157,280060,351375,259829,79797),(2021,2215500,15767,25044,54006,28128,35403,29025,30584,15348,280300,150005,151793,252078,188689,290551,348303,244924,75548),(2022,2165630,14475,22423,51862,25757,31688,26564,29303,13789,277485,144433,152749,242326,183295,287223,343741,244049,74465);
/*!40000 ALTER TABLE `pop_contry` ENABLE KEYS */;
UNLOCK TABLES;

--
-- Table structure for table `pop_go_con`
--

DROP TABLE IF EXISTS `pop_go_con`;
/*!40101 SET @saved_cs_client     = @@character_set_client */;
/*!50503 SET character_set_client = utf8mb4 */;
CREATE TABLE `pop_go_con` (
  `Year` int DEFAULT NULL,
  `전국` int DEFAULT NULL,
  `부산광역시` int DEFAULT NULL,
  `대구광역시` int DEFAULT NULL,
  `인천광역시` int DEFAULT NULL,
  `울산광역시` int DEFAULT NULL,
  `세종특별자치시` int DEFAULT NULL,
  `경기도` int DEFAULT NULL,
  `강원도` int DEFAULT NULL,
  `충청북도` int DEFAULT NULL,
  `충청남도` int DEFAULT NULL,
  `전라북도` int DEFAULT NULL,
  `전라남도` int DEFAULT NULL,
  `경상북도` int DEFAULT NULL,
  `경상남도` int DEFAULT NULL,
  `제주특별자치도` int DEFAULT NULL
) ENGINE=InnoDB DEFAULT CHARSET=utf8mb4 COLLATE=utf8mb4_0900_ai_ci;
/*!40101 SET character_set_client = @saved_cs_client */;

--
-- Dumping data for table `pop_go_con`
--

LOCK TABLES `pop_go_con` WRITE;
/*!40000 ALTER TABLE `pop_go_con` DISABLE KEYS */;
INSERT INTO `pop_go_con` VALUES (2013,10312,22,56,82,69,73,882,845,835,1123,1140,1689,1957,1289,250),(2014,10904,30,70,88,82,69,898,809,897,1226,1170,1773,2134,1361,297),(2015,12114,31,72,104,84,64,1074,1006,940,1390,1181,1894,2249,1634,391),(2016,13019,27,92,125,88,84,1298,1070,1063,1438,1273,1937,2352,1661,511),(2017,12763,33,89,138,90,72,1182,1090,959,1405,1374,1938,2338,1686,369),(2018,12055,25,59,134,85,88,987,1055,925,1328,1335,2039,2196,1518,281),(2019,11504,18,76,146,67,71,999,948,847,1268,1327,2020,2156,1323,238),(2020,12570,35,58,122,78,71,1118,947,938,1502,1511,2358,2252,1349,231),(2021,14461,26,71,171,108,90,1288,1022,1086,1821,1524,2579,2726,1699,250),(2022,12660,24,62,118,75,81,1207,954,962,1595,1237,1987,2579,1530,249);
/*!40000 ALTER TABLE `pop_go_con` ENABLE KEYS */;
UNLOCK TABLES;

--
-- Table structure for table `pop_work`
--

DROP TABLE IF EXISTS `pop_work`;
/*!40101 SET @saved_cs_client     = @@character_set_client */;
/*!50503 SET character_set_client = utf8mb4 */;
CREATE TABLE `pop_work` (
  `Year` int DEFAULT NULL,
  `1차산업_숙련_종사자` int DEFAULT NULL
) ENGINE=InnoDB DEFAULT CHARSET=utf8mb4 COLLATE=utf8mb4_0900_ai_ci;
/*!40101 SET character_set_client = @saved_cs_client */;

--
-- Dumping data for table `pop_work`
--

LOCK TABLES `pop_work` WRITE;
/*!40000 ALTER TABLE `pop_work` DISABLE KEYS */;
INSERT INTO `pop_work` VALUES (2004,1775),(2005,1710),(2006,1666),(2007,1617),(2008,1579),(2009,1535),(2010,1460),(2011,1439),(2012,1427),(2013,1420),(2014,1357),(2015,1243),(2016,1186),(2017,1198);
/*!40000 ALTER TABLE `pop_work` ENABLE KEYS */;
UNLOCK TABLES;

--
-- Table structure for table `population_age`
--

DROP TABLE IF EXISTS `population_age`;
/*!40101 SET @saved_cs_client     = @@character_set_client */;
/*!50503 SET character_set_client = utf8mb4 */;
CREATE TABLE `population_age` (
  `Year` int DEFAULT NULL,
  `Age` varchar(64) DEFAULT NULL,
  `Age_range` varchar(64) DEFAULT NULL,
  `Number` int DEFAULT NULL
) ENGINE=InnoDB DEFAULT CHARSET=utf8mb4 COLLATE=utf8mb4_0900_ai_ci;
/*!40101 SET character_set_client = @saved_cs_client */;

--
-- Dumping data for table `population_age`
--

LOCK TABLES `population_age` WRITE;
/*!40000 ALTER TABLE `population_age` DISABLE KEYS */;
INSERT INTO `population_age` VALUES (1960,'0 - 4세','0.영유아',4590812),(1960,'5 - 9세','1.아동',3350533),(1960,'10 - 14세','1.아동',2646238),(1960,'15 - 19세','2.청소년',2418444),(1960,'20 - 24세','3.청년',2322705),(1960,'25 - 29세','3.청년',1933080),(1960,'30 - 34세','4.중년',1556328),(1960,'35 - 39세','4.중년',1370125),(1960,'40 - 44세','4.중년',1125034),(1960,'45 - 49세','4.중년',979930),(1960,'50 - 54세','5.장년',845256),(1960,'55 - 59세','5.장년',628974),(1960,'60 - 64세','5.장년',518465),(1960,'65 - 69세','6.노년',345675),(1960,'70 - 74세','6.노년',210394),(1960,'75 - 79세','6.노년',111199),(1960,'80세이상','6.노년',59182),(1970,'0 - 4세','0.영유아',4548177),(1970,'5 - 9세','1.아동',4629882),(1970,'10 - 14세','1.아동',4531308),(1970,'15 - 19세','2.청소년',3269356),(1970,'20 - 24세','3.청년',2569044),(1970,'25 - 29세','3.청년',2335969),(1970,'30 - 34세','4.중년',2237747),(1970,'35 - 39세','4.중년',1866982),(1970,'40 - 44세','4.중년',1467129),(1970,'45 - 49세','4.중년',1271554),(1970,'50 - 54세','5.장년',1017150),(1970,'55 - 59세','5.장년',846448),(1970,'60 - 64세','5.장년',658773),(1970,'65 - 69세','6.노년',428725),(1970,'70 - 74세','6.노년',311808),(1970,'75 - 79세','6.노년',149850),(1970,'80세이상','6.노년',100925),(1980,'0 - 4세','0.영유아',4033727),(1980,'5 - 9세','1.아동',4458426),(1980,'10 - 14세','1.아동',4458622),(1980,'15 - 19세','2.청소년',4519689),(1980,'20 - 24세','3.청년',4093407),(1980,'25 - 29세','3.청년',3072797),(1980,'30 - 34세','4.중년',2525214),(1980,'35 - 39세','4.중년',2279565),(1980,'40 - 44세','4.중년',2178570),(1980,'45 - 49세','4.중년',1756088),(1980,'50 - 54세','5.장년',1324926),(1980,'55 - 59세','5.장년',1130835),(1980,'60 - 64세','5.장년',835876),(1980,'65 - 69세','6.노년',623957),(1980,'70 - 74세','6.노년',425995),(1980,'75 - 79세','6.노년',227859),(1980,'80세이상','6.노년',178222),(1990,'0 - 4세','0.영유아',3203203),(1990,'5 - 9세','1.아동',3843481),(1990,'10 - 14세','1.아동',3926908),(1990,'15 - 19세','2.청소년',4442014),(1990,'20 - 24세','3.청년',4342407),(1990,'25 - 29세','3.청년',4326749),(1990,'30 - 34세','4.중년',4134702),(1990,'35 - 39세','4.중년',3042329),(1990,'40 - 44세','4.중년',2477748),(1990,'45 - 49세','4.중년',2166709),(1990,'50 - 54세','5.장년',2021714),(1990,'55 - 59세','5.장년',1589504),(1990,'60 - 64세','5.장년',1156731),(1990,'65 - 69세','6.노년',900851),(1990,'70 - 74세','6.노년',598852),(1990,'75 - 79세','6.노년',393129),(1990,'80세이상','6.노년',302252),(2000,'0 - 4세','0.영유아',3259783),(2000,'5 - 9세','1.아동',3521464),(2000,'10 - 14세','1.아동',3129982),(2000,'15 - 19세','2.청소년',3842432),(2000,'20 - 24세','3.청년',3854382),(2000,'25 - 29세','3.청년',4352913),(2000,'30 - 34세','4.중년',4247992),(2000,'35 - 39세','4.중년',4273079),(2000,'40 - 44세','4.중년',4020438),(2000,'45 - 49세','4.중년',2921443),(2000,'50 - 54세','5.장년',2365862),(2000,'55 - 59세','5.장년',2006389),(2000,'60 - 64세','5.장년',1817056),(2000,'65 - 69세','6.노년',1381212),(2000,'70 - 74세','6.노년',922213),(2000,'75 - 79세','6.노년',608084),(2000,'80세이상','6.노년',483387),(2005,'0 - 4세','0.영유아',2524288),(2005,'5 - 9세','1.아동',3233565),(2005,'10 - 14세','1.아동',3465407),(2005,'15 - 19세','2.청소년',3080061),(2005,'20 - 24세','3.청년',3788780),(2005,'25 - 29세','3.청년',3843827),(2005,'30 - 34세','4.중년',4360436),(2005,'35 - 39세','4.중년',4267337),(2005,'40 - 44세','4.중년',4248300),(2005,'45 - 49세','4.중년',3958097),(2005,'50 - 54세','5.장년',2861891),(2005,'55 - 59세','5.장년',2285610),(2005,'60 - 64세','5.장년',1946175),(2005,'65 - 69세','6.노년',1689609),(2005,'70 - 74세','6.노년',1214841),(2005,'75 - 79세','6.노년',751853),(2005,'80세이상','6.노년',664484),(2010,'0 - 4세','0.영유아',2271803),(2010,'5 - 9세','1.아동',2497927),(2010,'10 - 14세','1.아동',3209709),(2010,'15 - 19세','2.청소년',3428793),(2010,'20 - 24세','3.청년',3139049),(2010,'25 - 29세','3.청년',3834105),(2010,'30 - 34세','4.중년',3877784),(2010,'35 - 39세','4.중년',4387036),(2010,'40 - 44세','4.중년',4306370),(2010,'45 - 49세','4.중년',4271709),(2010,'50 - 54세','5.장년',3934363),(2010,'55 - 59세','5.장년',2817315),(2010,'60 - 64세','5.장년',2212040),(2010,'65 - 69세','6.노년',1878314),(2010,'70 - 74세','6.노년',1539637),(2010,'75 - 79세','6.노년',1025532),(2010,'80세이상','6.노년',922626),(2015,'0 - 4세','0.영유아',2290097),(2015,'5 - 9세','1.아동',2251100),(2015,'10 - 14세','1.아동',2488686),(2015,'15 - 19세','2.청소년',3222268),(2015,'20 - 24세','3.청년',3511968),(2015,'25 - 29세','3.청년',3269454),(2015,'30 - 34세','4.중년',3871602),(2015,'35 - 39세','4.중년',3892100),(2015,'40 - 44세','4.중년',4398381),(2015,'45 - 49세','4.중년',4354036),(2015,'50 - 54세','5.장년',4289039),(2015,'55 - 59세','5.장년',3884217),(2015,'60 - 64세','5.장년',2750831),(2015,'65 - 69세','6.노년',2105631),(2015,'70 - 74세','6.노년',1779544),(2015,'75 - 79세','6.노년',1350503),(2015,'80세이상','6.노년',1305490),(2020,'0 - 4세','0.영유아',1776616),(2020,'5 - 9세','1.아동',2278285),(2020,'10 - 14세','1.아동',2250969),(2020,'15 - 19세','2.청소년',2518218),(2020,'20 - 24세','3.청년',3392351),(2020,'25 - 29세','3.청년',3645542),(2020,'30 - 34세','4.중년',3307803),(2020,'35 - 39세','4.중년',3866979),(2020,'40 - 44세','4.중년',3872171),(2020,'45 - 49세','4.중년',4385732),(2020,'50 - 54세','5.장년',4338269),(2020,'55 - 59세','5.장년',4237067),(2020,'60 - 64세','5.장년',3814370),(2020,'65 - 69세','6.노년',2662232),(2020,'70 - 74세','6.노년',1990347),(2020,'75 - 79세','6.노년',1608464),(2020,'80세이상','6.노년',1890824),(2024,'0 - 4세','0.영유아',1296661),(2024,'5 - 9세','1.아동',1914933),(2024,'10 - 14세','1.아동',2273651),(2024,'15 - 19세','2.청소년',2272843),(2024,'20 - 24세','3.청년',2838789),(2024,'25 - 29세','3.청년',3533643),(2024,'30 - 34세','4.중년',3615767),(2024,'35 - 39세','4.중년',3297256),(2024,'40 - 44세','4.중년',4023556),(2024,'45 - 49세','4.중년',3828741),(2024,'50 - 54세','5.장년',4459873),(2024,'55 - 59세','5.장년',4246026),(2024,'60 - 64세','5.장년',4211091),(2024,'65 - 69세','6.노년',3509250),(2024,'70 - 74세','6.노년',2322783),(2024,'75 - 79세','6.노년',1723662),(2024,'80세이상','6.노년',2382540);
/*!40000 ALTER TABLE `population_age` ENABLE KEYS */;
UNLOCK TABLES;

--
-- Table structure for table `productivity`
--

DROP TABLE IF EXISTS `productivity`;
/*!40101 SET @saved_cs_client     = @@character_set_client */;
/*!50503 SET character_set_client = utf8mb4 */;
CREATE TABLE `productivity` (
  `productivity` text,
  `Y2020_Before_n25` double DEFAULT NULL,
  `Y2021_After_n25` double DEFAULT NULL,
  `Increase_21/20_y1` double DEFAULT NULL,
  `Y2020_y2_n91` double DEFAULT NULL,
  `Y2021_y2_n91` double DEFAULT NULL,
  `Increase_21/20_y2` double DEFAULT NULL,
  `Y2020_y3_n51` double DEFAULT NULL,
  `Y2021_y3_n51` double DEFAULT NULL,
  `Increase_21/20_y3` double DEFAULT NULL
) ENGINE=InnoDB DEFAULT CHARSET=utf8mb4 COLLATE=utf8mb4_0900_ai_ci;
/*!40101 SET character_set_client = @saved_cs_client */;

--
-- Dumping data for table `productivity`
--

LOCK TABLES `productivity` WRITE;
/*!40000 ALTER TABLE `productivity` DISABLE KEYS */;
INSERT INTO `productivity` VALUES ('OutputPerUnitArea(kg/3.3㎡)',7.35,7.36,0.23,14.51,15.04,3.62,8.74,9.75,11.55),('OutputArea(3.3㎡/n)',3636,3856,6.05,4815.38,4831.87,0.34,3176.33,3187.12,0.34),('Output(kg/n)',26708,28388.8,6.29,69887.6,72665.92,3.98,27774.51,31088.24,11.93),('ShipmentPerUnitArea(kg/3.3㎡)',6.64,6.6,-0.63,12.56,13.06,4,7.5,9.56,27.46),('ShipmentArea(3.3㎡/n)',3636,3856,6.05,4815.38,4831.87,0.34,3176.33,3187.12,0.34),('Shipment(kg/n)',24153,25452,5.38,60469.22,63104.51,4.36,23818.82,30463.14,27.9),('OutputPerUnitLabor(kg/p)',12764,13555.24,6.19,25328.94,26909.63,6.24,9794.35,10911.25,11.4),('PeopleNumber(p/n)',2.09,2.09,0.1,2.76,2.7,-2.13,2.84,2.85,0.47),('Output(kg/n)',26708,28388.8,6.29,69887.6,72667.92,3.98,27774.51,31088.24,11.93);
/*!40000 ALTER TABLE `productivity` ENABLE KEYS */;
UNLOCK TABLES;

--
-- Table structure for table `vegetable_price`
--

DROP TABLE IF EXISTS `vegetable_price`;
/*!40101 SET @saved_cs_client     = @@character_set_client */;
/*!50503 SET character_set_client = utf8mb4 */;
CREATE TABLE `vegetable_price` (
  `crop` varchar(32) DEFAULT NULL,
  `month_price` int DEFAULT NULL,
  `year_price` int DEFAULT NULL,
  `raise_price` int DEFAULT NULL
) ENGINE=InnoDB DEFAULT CHARSET=utf8mb4 COLLATE=utf8mb4_0900_ai_ci;
/*!40101 SET character_set_client = @saved_cs_client */;

--
-- Dumping data for table `vegetable_price`
--

LOCK TABLES `vegetable_price` WRITE;
/*!40000 ALTER TABLE `vegetable_price` DISABLE KEYS */;
INSERT INTO `vegetable_price` VALUES ('오이/가시계통',21245,15821,5424),('파/쪽파',10026,5070,4956),('오이/취청',18317,14876,3441),('오이/다다기계통',14702,11427,3275),('방울토마토',14063,10982,3081),('멜론',19148,16792,2356),('깐마늘(국산)',10191,12397,2206),('건고추/화건',18511,16329,2182),('토마토',8580,6593,1987),('생강/국산',15699,13982,1717),('방울토마토/대추방울토마토',11519,9968,1551),('붉은고추',1929,2974,1045),('파/대파',4504,3636,868),('당근/무세척',3982,4774,792),('호박/애호박',2675,2011,664),('풋고추/청양고추',2462,1799,663),('풋고추/오이맛고추',1947,1325,622),('양파',2362,2954,592),('파프리카',2588,2156,432),('피망/청',1936,1558,378),('풋고추/꽈리고추',2014,1646,368),('얼갈이배추',3969,3631,338),('시금치',1095,771,324),('딸기',1730,1447,283),('풋고추/풋고추(녹광',2201,2004,197),('배추/월동',3721,3570,151),('상추/청',1159,1038,121),('무/월동',1758,1879,121),('호박/쥬키니',2270,2387,117),('열무',3566,3671,105),('양배추',3642,3729,87),('상추/적',1075,1072,3),('오이/가시계통',21245,15821,5424),('파/쪽파',10026,5070,4956),('오이/취청',18317,14876,3441),('오이/다다기계통',14702,11427,3275),('방울토마토',14063,10982,3081),('멜론',19148,16792,2356),('깐마늘(국산)',10191,12397,2206),('건고추/화건',18511,16329,2182),('토마토',8580,6593,1987),('생강/국산',15699,13982,1717),('방울토마토/대추방울토마토',11519,9968,1551),('붉은고추',1929,2974,1045),('파/대파',4504,3636,868),('당근/무세척',3982,4774,792),('호박/애호박',2675,2011,664),('풋고추/청양고추',2462,1799,663),('풋고추/오이맛고추',1947,1325,622),('양파',2362,2954,592),('파프리카',2588,2156,432),('피망/청',1936,1558,378),('풋고추/꽈리고추',2014,1646,368),('얼갈이배추',3969,3631,338),('시금치',1095,771,324),('딸기',1730,1447,283),('풋고추/풋고추(녹광',2201,2004,197),('배추/월동',3721,3570,151),('상추/청',1159,1038,121),('무/월동',1758,1879,121),('호박/쥬키니',2270,2387,117),('열무',3566,3671,105),('양배추',3642,3729,87),('상추/적',1075,1072,3);
/*!40000 ALTER TABLE `vegetable_price` ENABLE KEYS */;
UNLOCK TABLES;
/*!40103 SET TIME_ZONE=@OLD_TIME_ZONE */;

/*!40101 SET SQL_MODE=@OLD_SQL_MODE */;
/*!40014 SET FOREIGN_KEY_CHECKS=@OLD_FOREIGN_KEY_CHECKS */;
/*!40014 SET UNIQUE_CHECKS=@OLD_UNIQUE_CHECKS */;
/*!40101 SET CHARACTER_SET_CLIENT=@OLD_CHARACTER_SET_CLIENT */;
/*!40101 SET CHARACTER_SET_RESULTS=@OLD_CHARACTER_SET_RESULTS */;
/*!40101 SET COLLATION_CONNECTION=@OLD_COLLATION_CONNECTION */;
/*!40111 SET SQL_NOTES=@OLD_SQL_NOTES */;

-- Dump completed on 2024-04-04 17:54:26
